out:sDA,out:ID,Link_E1c
0.833333,E1c-1.4-S-0-0_O-0-6028-No,https://i.postimg.cc/BZdCpqK0/E1c-1-4-S-0-0-O-0-6028-No-daylight.png
0.777778,E1c-1.2-S-0-0_O-0-6028-No,https://i.postimg.cc/j2JLCYx1/E1c-1-2-S-0-0-O-0-6028-No-daylight.png
0.674603,E1c-1.0-S-0-0_O-0-6028-No,https://i.postimg.cc/GmjJbGSn/E1c-1-S-0-0-O-0-6028-No-daylight.png
0.587302,E1c-0.8-S-0-0_O-0-6028-No,https://i.postimg.cc/N0pyzxC1/E1c-0-8-S-0-0-O-0-6028-No-daylight.png
0.484127,E1c-0.6-S-0-0_O-0-6028-No,https://i.postimg.cc/kgPt6GtS/E1c-0-6-S-0-0-O-0-6028-No-daylight.png
0.722222,E1c-1.4-S-0-0_O-0-5123-No,https://i.postimg.cc/44r1PJhD/E1c-1-4-S-0-0-O-0-5123-No-daylight.png
0.65873,E1c-1.2-S-0-0_O-0-5123-No,https://i.postimg.cc/yxSkWC1f/E1c-1-2-S-0-0-O-0-5123-No-daylight.png
0.595238,E1c-1.0-S-0-0_O-0-5123-No,https://i.postimg.cc/jShQRP3p/E1c-1-S-0-0-O-0-5123-No-daylight.png
0.5,E1c-0.8-S-0-0_O-0-5123-No,https://i.postimg.cc/xdtk4PpH/E1c-0-8-S-0-0-O-0-5123-No-daylight.png
0.380953,E1c-0.6-S-0-0_O-0-5123-No,https://i.postimg.cc/dVcTk3TT/E1c-0-6-S-0-0-O-0-5123-No-daylight.png
0.452381,E1c-1.4-S-0-0_O-0-6028-Yes,https://i.postimg.cc/WpQ782kV/E1c-1-4-S-0-0-O-0-6028-Yes-daylight.png
0.452381,E1c-1.2-S-0-0_O-0-6028-Yes,https://i.postimg.cc/5yF6jW4k/E1c-1-2-S-0-0-O-0-6028-Yes-daylight.png
0.666667,E1c-1.0-S-0-0_O-0-6028-Yes,https://i.postimg.cc/jShQRPk0/E1c-1-S-0-0-O-0-6028-Yes-daylight.png
0.460317,E1c-0.8-S-0-0_O-0-6028-Yes,https://i.postimg.cc/HLBJhtvw/E1c-0-8-S-0-0-O-0-6028-Yes-daylight.png
0.428572,E1c-0.6-S-0-0_O-0-6028-Yes,https://i.postimg.cc/jSYJw2JN/E1c-0-6-S-0-0-O-0-6028-Yes-daylight.png
0.444444,E1c-1.4-S-0-0_O-0-5123-Yes,https://i.postimg.cc/G3ZjKcyw/E1c-1-4-S-0-0-O-0-5123-Yes-daylight.png
0.436508,E1c-1.2-S-0-0_O-0-5123-Yes,https://i.postimg.cc/gj6nrbzS/E1c-1-2-S-0-0-O-0-5123-Yes-daylight.png
0.571429,E1c-1.0-S-0-0_O-0-5123-Yes,https://i.postimg.cc/g2KqG8B9/E1c-1-S-0-0-O-0-5123-Yes-daylight.png
0.428572,E1c-0.8-S-0-0_O-0-5123-Yes,https://i.postimg.cc/QM0ByqY1/E1c-0-8-S-0-0-O-0-5123-Yes-daylight.png
0.380953,E1c-0.6-S-0-0_O-0-5123-Yes,https://i.postimg.cc/g2b6Xj6Z/E1c-0-6-S-0-0-O-0-5123-Yes-daylight.png
0.801588,E1c-1.4-S-0.2-0_O-0.2-6028-No,https://i.postimg.cc/rzXzrZsP/E1c-1-4-S-0-2-0-O-0-2-6028-No-daylight.png
0.722222,E1c-1.2-S-0.2-0_O-0.2-6028-No,https://i.postimg.cc/HxnJD7FB/E1c-1-2-S-0-2-0-O-0-2-6028-No-daylight.png
0.634921,E1c-1.0-S-0.2-0_O-0.2-6028-No,https://i.postimg.cc/28h7XPQC/E1c-1-S-0-2-0-O-0-2-6028-No-daylight.png
0.547619,E1c-0.8-S-0.2-0_O-0.2-6028-No,https://i.postimg.cc/Jz3Hb8bN/E1c-0-8-S-0-2-0-O-0-2-6028-No-daylight.png
0.428572,E1c-0.6-S-0.2-0_O-0.2-6028-No,https://i.postimg.cc/gc5hpNzx/E1c-0-6-S-0-2-0-O-0-2-6028-No-daylight.png
0.666667,E1c-1.4-S-0.2-0_O-0.2-5123-No,https://i.postimg.cc/Rq5qHphp/E1c-1-4-S-0-2-0-O-0-2-5123-No-daylight.png
0.611111,E1c-1.2-S-0.2-0_O-0.2-5123-No,https://i.postimg.cc/d137PTg9/E1c-1-2-S-0-2-0-O-0-2-5123-No-daylight.png
0.539683,E1c-1.0-S-0.2-0_O-0.2-5123-No,https://i.postimg.cc/jqGhcs7D/E1c-1-S-0-2-0-O-0-2-5123-No-daylight.png
0.444444,E1c-0.8-S-0.2-0_O-0.2-5123-No,https://i.postimg.cc/DwQ4qhqq/E1c-0-8-S-0-2-0-O-0-2-5123-No-daylight.png
0.333334,E1c-0.6-S-0.2-0_O-0.2-5123-No,https://i.postimg.cc/PfcDH2Xp/E1c-0-6-S-0-2-0-O-0-2-5123-No-daylight.png
0.444444,E1c-1.4-S-0.2-0_O-0.2-6028-Yes,https://i.postimg.cc/jC0C732m/E1c-1-4-S-0-2-0-O-0-2-6028-Yes-daylight.png
0.460318,E1c-1.2-S-0.2-0_O-0.2-6028-Yes,https://i.postimg.cc/mDkcfFKd/E1c-1-2-S-0-2-0-O-0-2-6028-Yes-daylight.png
0.634921,E1c-1.0-S-0.2-0_O-0.2-6028-Yes,https://i.postimg.cc/vHftSprQ/E1c-1-S-0-2-0-O-0-2-6028-Yes-daylight.png
0.436508,E1c-0.8-S-0.2-0_O-0.2-6028-Yes,https://i.postimg.cc/kgNRxCxN/E1c-0-8-S-0-2-0-O-0-2-6028-Yes-daylight.png
0.396826,E1c-0.6-S-0.2-0_O-0.2-6028-Yes,https://i.postimg.cc/CMt80mhZ/E1c-0-6-S-0-2-0-O-0-2-6028-Yes-daylight.png
0.436508,E1c-1.4-S-0.2-0_O-0.2-5123-Yes,https://i.postimg.cc/MX2XQ3Hr/E1c-1-4-S-0-2-0-O-0-2-5123-Yes-daylight.png
0.452381,E1c-1.2-S-0.2-0_O-0.2-5123-Yes,https://i.postimg.cc/Tw1yMWBQ/E1c-1-2-S-0-2-0-O-0-2-5123-Yes-daylight.png
0.547619,E1c-1.0-S-0.2-0_O-0.2-5123-Yes,https://i.postimg.cc/Fs3Vn2yN/E1c-1-S-0-2-0-O-0-2-5123-Yes-daylight.png
0.412698,E1c-0.8-S-0.2-0_O-0.2-5123-Yes,https://i.postimg.cc/525QwJwq/E1c-0-8-S-0-2-0-O-0-2-5123-Yes-daylight.png
0.325397,E1c-0.6-S-0.2-0_O-0.2-5123-Yes,https://i.postimg.cc/PfcDH2X8/E1c-0-6-S-0-2-0-O-0-2-5123-Yes-daylight.png
0.753968,E1c-1.4-S-0.4-0_O-0.4-6028-No,https://i.postimg.cc/w383m436/E1c-1-4-S-0-4-0-O-0-4-6028-No-daylight.png
0.666667,E1c-1.2-S-0.4-0_O-0.4-6028-No,https://i.postimg.cc/76R5xZyd/E1c-1-2-S-0-4-0-O-0-4-6028-No-daylight.png
0.595238,E1c-1.0-S-0.4-0_O-0.4-6028-No,https://i.postimg.cc/65nf1DrG/E1c-1-S-0-4-0-O-0-4-6028-No-daylight.png
0.492063,E1c-0.8-S-0.4-0_O-0.4-6028-No,https://i.postimg.cc/130VpSp2/E1c-0-8-S-0-4-0-O-0-4-6028-No-daylight.png
0.357143,E1c-0.6-S-0.4-0_O-0.4-6028-No,https://i.postimg.cc/xj7mQtfF/E1c-0-6-S-0-4-0-O-0-4-6028-No-daylight.png
0.642857,E1c-1.4-S-0.4-0_O-0.4-5123-No,https://i.postimg.cc/w383m43g/E1c-1-4-S-0-4-0-O-0-4-5123-No-daylight.png
0.587302,E1c-1.2-S-0.4-0_O-0.4-5123-No,https://i.postimg.cc/V6vSQb3Y/E1c-1-2-S-0-4-0-O-0-4-5123-No-daylight.png
0.492063,E1c-1.0-S-0.4-0_O-0.4-5123-No,https://i.postimg.cc/65nf1Drv/E1c-1-S-0-4-0-O-0-4-5123-No-daylight.png
0.396826,E1c-0.8-S-0.4-0_O-0.4-5123-No,https://i.postimg.cc/ht8Q9n93/E1c-0-8-S-0-4-0-O-0-4-5123-No-daylight.png
0.269841,E1c-0.6-S-0.4-0_O-0.4-5123-No,https://i.postimg.cc/59GzJn4n/E1c-0-6-S-0-4-0-O-0-4-5123-No-daylight.png
0.452381,E1c-1.4-S-0.4-0_O-0.4-6028-Yes,https://i.postimg.cc/3W5WvfWJ/E1c-1-4-S-0-4-0-O-0-4-6028-Yes-daylight.png
0.484127,E1c-1.2-S-0.4-0_O-0.4-6028-Yes,https://i.postimg.cc/JnFs1zLw/E1c-1-2-S-0-4-0-O-0-4-6028-Yes-daylight.png
0.603175,E1c-1.0-S-0.4-0_O-0.4-6028-Yes,https://i.postimg.cc/SNCftw6c/E1c-1-S-0-4-0-O-0-4-6028-Yes-daylight.png
0.404762,E1c-0.8-S-0.4-0_O-0.4-6028-Yes,https://i.postimg.cc/525QwJwG/E1c-0-8-S-0-4-0-O-0-4-6028-Yes-daylight.png
0.36508,E1c-0.6-S-0.4-0_O-0.4-6028-Yes,https://i.postimg.cc/XNh5WQjm/E1c-0-6-S-0-4-0-O-0-4-6028-Yes-daylight.png
0.460318,E1c-1.4-S-0.4-0_O-0.4-5123-Yes,https://i.postimg.cc/jC0C73Cx/E1c-1-4-S-0-4-0-O-0-4-5123-Yes-daylight.png
0.444444,E1c-1.2-S-0.4-0_O-0.4-5123-Yes,https://i.postimg.cc/TwsKR3XB/E1c-1-2-S-0-4-0-O-0-4-5123-Yes-daylight.png
0.492063,E1c-1.0-S-0.4-0_O-0.4-5123-Yes,https://i.postimg.cc/KvBDsdPL/E1c-1-S-0-4-0-O-0-4-5123-Yes-daylight.png
0.380953,E1c-0.8-S-0.4-0_O-0.4-5123-Yes,https://i.postimg.cc/fR7SxsxP/E1c-0-8-S-0-4-0-O-0-4-5123-Yes-daylight.png
0.269841,E1c-0.6-S-0.4-0_O-0.4-5123-Yes,https://i.postimg.cc/NGVXtpsz/E1c-0-6-S-0-4-0-O-0-4-5123-Yes-daylight.png
0.698413,E1c-1.4-S-0.6-0_O-0.6-6028-No,https://i.postimg.cc/tR15F17t/E1c-1-4-S-0-6-0-O-0-6-6028-No-daylight.png
0.619048,E1c-1.2-S-0.6-0_O-0.6-6028-No,https://i.postimg.cc/NMnKgjcK/E1c-1-2-S-0-6-0-O-0-6-6028-No-daylight.png
0.547619,E1c-1.0-S-0.6-0_O-0.6-6028-No,https://i.postimg.cc/bwP9X3g0/E1c-1-S-0-6-0-O-0-6-6028-No-daylight.png
0.436508,E1c-0.8-S-0.6-0_O-0.6-6028-No,https://i.postimg.cc/xd0J5ZRB/E1c-0-8-S-0-6-0-O-0-6-6028-No-daylight.png
0.301588,E1c-0.6-S-0.6-0_O-0.6-6028-No,https://i.postimg.cc/fT99RmkQ/E1c-0-6-S-0-6-0-O-0-6-6028-No-daylight.png
0.611111,E1c-1.4-S-0.6-0_O-0.6-5123-No,https://i.postimg.cc/bYGT1Gdx/E1c-1-4-S-0-6-0-O-0-6-5123-No-daylight.png
0.539683,E1c-1.2-S-0.6-0_O-0.6-5123-No,https://i.postimg.cc/W3yd21vt/E1c-1-2-S-0-6-0-O-0-6-5123-No-daylight.png
0.444444,E1c-1.0-S-0.6-0_O-0.6-5123-No,https://i.postimg.cc/y8KyqvjF/E1c-1-S-0-6-0-O-0-6-5123-No-daylight.png
0.357143,E1c-0.8-S-0.6-0_O-0.6-5123-No,https://i.postimg.cc/LsHYDWTw/E1c-0-8-S-0-6-0-O-0-6-5123-No-daylight.png
0.174603,E1c-0.6-S-0.6-0_O-0.6-5123-No,https://i.postimg.cc/X7CCYdqm/E1c-0-6-S-0-6-0-O-0-6-5123-No-daylight.png
0.476191,E1c-1.4-S-0.6-0_O-0.6-6028-Yes,https://i.postimg.cc/gcwD3wrH/E1c-1-4-S-0-6-0-O-0-6-6028-Yes-daylight.png
0.468254,E1c-1.2-S-0.6-0_O-0.6-6028-Yes,https://i.postimg.cc/xCZX012b/E1c-1-2-S-0-6-0-O-0-6-6028-Yes-daylight.png
0.539683,E1c-1.0-S-0.6-0_O-0.6-6028-Yes,https://i.postimg.cc/Hkm9GBz9/E1c-1-S-0-6-0-O-0-6-6028-Yes-daylight.png
0.388889,E1c-0.8-S-0.6-0_O-0.6-6028-Yes,https://i.postimg.cc/LsHYDWTc/E1c-0-8-S-0-6-0-O-0-6-6028-Yes-daylight.png
0.285714,E1c-0.6-S-0.6-0_O-0.6-6028-Yes,https://i.postimg.cc/SNMMxCjp/E1c-0-6-S-0-6-0-O-0-6-6028-Yes-daylight.png
0.436508,E1c-1.4-S-0.6-0_O-0.6-5123-Yes,https://i.postimg.cc/h4JrVJh9/E1c-1-4-S-0-6-0-O-0-6-5123-Yes-daylight.png
0.412698,E1c-1.2-S-0.6-0_O-0.6-5123-Yes,https://i.postimg.cc/G2f4cmCT/E1c-1-2-S-0-6-0-O-0-6-5123-Yes-daylight.png
0.444444,E1c-1.0-S-0.6-0_O-0.6-5123-Yes,https://i.postimg.cc/QdDJL0mQ/E1c-1-S-0-6-0-O-0-6-5123-Yes-daylight.png
0.34127,E1c-0.8-S-0.6-0_O-0.6-5123-Yes,https://i.postimg.cc/VNYrghR3/E1c-0-8-S-0-6-0-O-0-6-5123-Yes-daylight.png
0.198413,E1c-0.6-S-0.6-0_O-0.6-5123-Yes,https://i.postimg.cc/c4nnLw6y/E1c-0-6-S-0-6-0-O-0-6-5123-Yes-daylight.png
0.65873,E1c-1.4-S-0.8-0_O-0.8-6028-No,https://i.postimg.cc/44K5pKnj/E1c-1-4-S-0-8-0-O-0-8-6028-No-daylight.png
0.587302,E1c-1.2-S-0.8-0_O-0.8-6028-No,https://i.postimg.cc/PJ8PNnXv/E1c-1-2-S-0-8-0-O-0-8-6028-No-daylight.png
0.5,E1c-1.0-S-0.8-0_O-0.8-6028-No,https://i.postimg.cc/13SrxJB2/E1c-1-S-0-8-0-O-0-8-6028-No-daylight.png
0.388889,E1c-0.8-S-0.8-0_O-0.8-6028-No,https://i.postimg.cc/3wK41q1d/E1c-0-8-S-0-8-0-O-0-8-6028-No-daylight.png
0.214286,E1c-0.6-S-0.8-0_O-0.8-6028-No,https://i.postimg.cc/vZw6gT6Q/E1c-0-6-S-0-8-0-O-0-8-6028-No-daylight.png
0.555556,E1c-1.4-S-0.8-0_O-0.8-5123-No,https://i.postimg.cc/sfBc5B1q/E1c-1-4-S-0-8-0-O-0-8-5123-No-daylight.png
0.492063,E1c-1.2-S-0.8-0_O-0.8-5123-No,https://i.postimg.cc/Hn7Vj1YJ/E1c-1-2-S-0-8-0-O-0-8-5123-No-daylight.png
0.420635,E1c-1.0-S-0.8-0_O-0.8-5123-No,https://i.postimg.cc/QdDJL0mz/E1c-1-S-0-8-0-O-0-8-5123-No-daylight.png
0.301588,E1c-0.8-S-0.8-0_O-0.8-5123-No,https://i.postimg.cc/R0M6dYdh/E1c-0-8-S-0-8-0-O-0-8-5123-No-daylight.png
0.134921,E1c-0.6-S-0.8-0_O-0.8-5123-No,https://i.postimg.cc/VkPbrvbm/E1c-0-6-S-0-8-0-O-0-8-5123-No-daylight.png
0.468254,E1c-1.4-S-0.8-0_O-0.8-6028-Yes,https://i.postimg.cc/BZ8g28td/E1c-1-4-S-0-8-0-O-0-8-6028-Yes-daylight.png
0.444444,E1c-1.2-S-0.8-0_O-0.8-6028-Yes,https://i.postimg.cc/yxSkWC19/E1c-1-2-S-0-8-0-O-0-8-6028-Yes-daylight.png
0.492063,E1c-1.0-S-0.8-0_O-0.8-6028-Yes,https://i.postimg.cc/htn1FpsH/E1c-1-S-0-8-0-O-0-8-6028-Yes-daylight.png
0.357143,E1c-0.8-S-0.8-0_O-0.8-6028-Yes,https://i.postimg.cc/mrbzjnjz/E1c-0-8-S-0-8-0-O-0-8-6028-Yes-daylight.png
0.214286,E1c-0.6-S-0.8-0_O-0.8-6028-Yes,https://i.postimg.cc/XY6yGqyJ/E1c-0-6-S-0-8-0-O-0-8-6028-Yes-daylight.png
0.428572,E1c-1.4-S-0.8-0_O-0.8-5123-Yes,https://i.postimg.cc/8kFHLFs2/E1c-1-4-S-0-8-0-O-0-8-5123-Yes-daylight.png
0.388889,E1c-1.2-S-0.8-0_O-0.8-5123-Yes,https://i.postimg.cc/D0b8m3vJ/E1c-1-2-S-0-8-0-O-0-8-5123-Yes-daylight.png
0.404762,E1c-1.0-S-0.8-0_O-0.8-5123-Yes,https://i.postimg.cc/7Z4nvm9c/E1c-1-S-0-8-0-O-0-8-5123-Yes-daylight.png
0.293651,E1c-0.8-S-0.8-0_O-0.8-5123-Yes,https://i.postimg.cc/5txYgrgH/E1c-0-8-S-0-8-0-O-0-8-5123-Yes-daylight.png
0.134921,E1c-0.6-S-0.8-0_O-0.8-5123-Yes,https://i.postimg.cc/fRQ0ty0Z/E1c-0-6-S-0-8-0-O-0-8-5123-Yes-daylight.png
0.857143,E1c-1.4-S-0-15_O-0-6028-No,https://i.postimg.cc/fW6vCw9W/E1c-1-4-S-0-15-O-0-6028-No-daylight.png
0.769841,E1c-1.2-S-0-15_O-0-6028-No,https://i.postimg.cc/WtLtkYz8/E1c-1-2-S-0-15-O-0-6028-No-daylight.png
0.674603,E1c-1.0-S-0-15_O-0-6028-No,https://i.postimg.cc/Hkt4TXPH/E1c-1-S-0-15-O-0-6028-No-daylight.png
0.579365,E1c-0.8-S-0-15_O-0-6028-No,https://i.postimg.cc/QM0ByqYk/E1c-0-8-S-0-15-O-0-6028-No-daylight.png
0.47619,E1c-0.6-S-0-15_O-0-6028-No,https://i.postimg.cc/7ZrTGhTV/E1c-0-6-S-0-15-O-0-6028-No-daylight.png
0.722222,E1c-1.4-S-0-15_O-0-5123-No,https://i.postimg.cc/Y2JxRpWk/E1c-1-4-S-0-15-O-0-5123-No-daylight.png
0.650794,E1c-1.2-S-0-15_O-0-5123-No,https://i.postimg.cc/tJVY7GqM/E1c-1-2-S-0-15-O-0-5123-No-daylight.png
0.595238,E1c-1.0-S-0-15_O-0-5123-No,https://i.postimg.cc/mgSNTC6s/E1c-1-S-0-15-O-0-5123-No-daylight.png
0.492063,E1c-0.8-S-0-15_O-0-5123-No,https://i.postimg.cc/cJXKbckB/E1c-0-8-S-0-15-O-0-5123-No-daylight.png
0.380953,E1c-0.6-S-0-15_O-0-5123-No,https://i.postimg.cc/P5n8pJ81/E1c-0-6-S-0-15-O-0-5123-No-daylight.png
0.84127,E1c-1.4-S-0-15_O-0-6028-Yes,https://i.postimg.cc/kMkysnbX/E1c-1-4-S-0-15-O-0-6028-Yes-daylight.png
0.761905,E1c-1.2-S-0-15_O-0-6028-Yes,https://i.postimg.cc/qgVg3DqQ/E1c-1-2-S-0-15-O-0-6028-Yes-daylight.png
0.674603,E1c-1.0-S-0-15_O-0-6028-Yes,https://i.postimg.cc/Qdqkj1nj/E1c-1-S-0-15-O-0-6028-Yes-daylight.png
0.587302,E1c-0.8-S-0-15_O-0-6028-Yes,https://i.postimg.cc/g0NwTKt4/E1c-0-8-S-0-15-O-0-6028-Yes-daylight.png
0.468254,E1c-0.6-S-0-15_O-0-6028-Yes,https://i.postimg.cc/T3vWL1Wc/E1c-0-6-S-0-15-O-0-6028-Yes-daylight.png
0.714286,E1c-1.4-S-0-15_O-0-5123-Yes,https://i.postimg.cc/XNTgLVCn/E1c-1-4-S-0-15-O-0-5123-Yes-daylight.png
0.65873,E1c-1.2-S-0-15_O-0-5123-Yes,https://i.postimg.cc/Vvbd5PfT/E1c-1-2-S-0-15-O-0-5123-Yes-daylight.png
0.587302,E1c-1.0-S-0-15_O-0-5123-Yes,https://i.postimg.cc/zGkSqKPN/E1c-1-S-0-15-O-0-5123-Yes-daylight.png
0.492063,E1c-0.8-S-0-15_O-0-5123-Yes,https://i.postimg.cc/SKDXvG1d/E1c-0-8-S-0-15-O-0-5123-Yes-daylight.png
0.380953,E1c-0.6-S-0-15_O-0-5123-Yes,https://i.postimg.cc/QdZW9CWg/E1c-0-6-S-0-15-O-0-5123-Yes-daylight.png
0.777778,E1c-1.4-S-0.2-15_O-0.2-6028-No,https://i.postimg.cc/jC0C732G/E1c-1-4-S-0-2-15-O-0-2-6028-No-daylight.png
0.722222,E1c-1.2-S-0.2-15_O-0.2-6028-No,https://i.postimg.cc/NMFyqrZJ/E1c-1-2-S-0-2-15-O-0-2-6028-No-daylight.png
0.611111,E1c-1.0-S-0.2-15_O-0.2-6028-No,https://i.postimg.cc/X7dkDTfv/E1c-1-S-0-2-15-O-0-2-6028-No-daylight.png
0.547619,E1c-0.8-S-0.2-15_O-0.2-6028-No,https://i.postimg.cc/vZ7xWyWz/E1c-0-8-S-0-2-15-O-0-2-6028-No-daylight.png
0.420635,E1c-0.6-S-0.2-15_O-0.2-6028-No,https://i.postimg.cc/dQXCF4s8/E1c-0-6-S-0-2-15-O-0-2-6028-No-daylight.png
0.666667,E1c-1.4-S-0.2-15_O-0.2-5123-No,https://i.postimg.cc/qgVg3DqY/E1c-1-4-S-0-2-15-O-0-2-5123-No-daylight.png
0.611111,E1c-1.2-S-0.2-15_O-0.2-5123-No,https://i.postimg.cc/j52W0JB3/E1c-1-2-S-0-2-15-O-0-2-5123-No-daylight.png
0.539683,E1c-1.0-S-0.2-15_O-0.2-5123-No,https://i.postimg.cc/28h7XPQj/E1c-1-S-0-2-15-O-0-2-5123-No-daylight.png
0.444444,E1c-0.8-S-0.2-15_O-0.2-5123-No,https://i.postimg.cc/YCNL171z/E1c-0-8-S-0-2-15-O-0-2-5123-No-daylight.png
0.325397,E1c-0.6-S-0.2-15_O-0.2-5123-No,https://i.postimg.cc/CMt80mhk/E1c-0-6-S-0-2-15-O-0-2-5123-No-daylight.png
0.444444,E1c-1.4-S-0.2-15_O-0.2-6028-Yes,https://i.postimg.cc/CdTdqrdT/E1c-1-4-S-0-2-15-O-0-2-6028-Yes-daylight.png
0.452381,E1c-1.2-S-0.2-15_O-0.2-6028-Yes,https://i.postimg.cc/0Qj6RJh3/E1c-1-2-S-0-2-15-O-0-2-6028-Yes-daylight.png
0.619048,E1c-1.0-S-0.2-15_O-0.2-6028-Yes,https://i.postimg.cc/8PMmnqRc/E1c-1-S-0-2-15-O-0-2-6028-Yes-daylight.png
0.436508,E1c-0.8-S-0.2-15_O-0.2-6028-Yes,https://i.postimg.cc/0yGKpvpZ/E1c-0-8-S-0-2-15-O-0-2-6028-Yes-daylight.png
0.380953,E1c-0.6-S-0.2-15_O-0.2-6028-Yes,https://i.postimg.cc/c1j3WXxf/E1c-0-6-S-0-2-15-O-0-2-6028-Yes-daylight.png
0.436508,E1c-1.4-S-0.2-15_O-0.2-5123-Yes,https://i.postimg.cc/yW4WZpx2/E1c-1-4-S-0-2-15-O-0-2-5123-Yes-daylight.png
0.444444,E1c-1.2-S-0.2-15_O-0.2-5123-Yes,https://i.postimg.cc/C15ZTf96/E1c-1-2-S-0-2-15-O-0-2-5123-Yes-daylight.png
0.539683,E1c-1.0-S-0.2-15_O-0.2-5123-Yes,https://i.postimg.cc/SNCftw6s/E1c-1-S-0-2-15-O-0-2-5123-Yes-daylight.png
0.388889,E1c-0.8-S-0.2-15_O-0.2-5123-Yes,https://i.postimg.cc/Jz3Hb8bx/E1c-0-8-S-0-2-15-O-0-2-5123-Yes-daylight.png
0.325397,E1c-0.6-S-0.2-15_O-0.2-5123-Yes,https://i.postimg.cc/RC8tmXS7/E1c-0-6-S-0-2-15-O-0-2-5123-Yes-daylight.png
0.722222,E1c-1.4-S-0.4-15_O-0.4-6028-No,https://i.postimg.cc/HWJ2bJj8/E1c-1-4-S-0-4-15-O-0-4-6028-No-daylight.png
0.65873,E1c-1.2-S-0.4-15_O-0.4-6028-No,https://i.postimg.cc/DZNS2wTF/E1c-1-2-S-0-4-15-O-0-4-6028-No-daylight.png
0.579365,E1c-1.0-S-0.4-15_O-0.4-6028-No,https://i.postimg.cc/3JmFbPXC/E1c-1-S-0-4-15-O-0-4-6028-No-daylight.png
0.484127,E1c-0.8-S-0.4-15_O-0.4-6028-No,https://i.postimg.cc/Hk08QmwG/E1c-0-8-S-0-4-15-O-0-4-6028-No-daylight.png
0.349206,E1c-0.6-S-0.4-15_O-0.4-6028-No,https://i.postimg.cc/xTzz1M8t/E1c-0-6-S-0-4-15-O-0-4-6028-No-daylight.png
0.626985,E1c-1.4-S-0.4-15_O-0.4-5123-No,https://i.postimg.cc/LhKh1Qh8/E1c-1-4-S-0-4-15-O-0-4-5123-No-daylight.png
0.563492,E1c-1.2-S-0.4-15_O-0.4-5123-No,https://i.postimg.cc/cHzvsLSG/E1c-1-2-S-0-4-15-O-0-4-5123-No-daylight.png
0.492063,E1c-1.0-S-0.4-15_O-0.4-5123-No,https://i.postimg.cc/dtrjSz28/E1c-1-S-0-4-15-O-0-4-5123-No-daylight.png
0.380953,E1c-0.8-S-0.4-15_O-0.4-5123-No,https://i.postimg.cc/Bn5Px3xd/E1c-0-8-S-0-4-15-O-0-4-5123-No-daylight.png
0.253968,E1c-0.6-S-0.4-15_O-0.4-5123-No,https://i.postimg.cc/FsLLH3zZ/E1c-0-6-S-0-4-15-O-0-4-5123-No-daylight.png
0.444444,E1c-1.4-S-0.4-15_O-0.4-6028-Yes,https://i.postimg.cc/NGy4RyLH/E1c-1-4-S-0-4-15-O-0-4-6028-Yes-daylight.png
0.468254,E1c-1.2-S-0.4-15_O-0.4-6028-Yes,https://i.postimg.cc/JnFs1zLM/E1c-1-2-S-0-4-15-O-0-4-6028-Yes-daylight.png
0.587302,E1c-1.0-S-0.4-15_O-0.4-6028-Yes,https://i.postimg.cc/SNCftw6G/E1c-1-S-0-4-15-O-0-4-6028-Yes-daylight.png
0.404762,E1c-0.8-S-0.4-15_O-0.4-6028-Yes,https://i.postimg.cc/9QPwG2d5/E1c-0-8-S-0-4-15-O-0-4-6028-Yes-daylight.png
0.349206,E1c-0.6-S-0.4-15_O-0.4-6028-Yes,https://i.postimg.cc/YqWWCY0X/E1c-0-6-S-0-4-15-O-0-4-6028-Yes-daylight.png
0.444444,E1c-1.4-S-0.4-15_O-0.4-5123-Yes,https://i.postimg.cc/FFfZ0f1f/E1c-1-4-S-0-4-15-O-0-4-5123-Yes-daylight.png
0.436508,E1c-1.2-S-0.4-15_O-0.4-5123-Yes,https://i.postimg.cc/1td893QS/E1c-1-2-S-0-4-15-O-0-4-5123-Yes-daylight.png
0.492063,E1c-1.0-S-0.4-15_O-0.4-5123-Yes,https://i.postimg.cc/m2Cy60Yy/E1c-1-S-0-4-15-O-0-4-5123-Yes-daylight.png
0.36508,E1c-0.8-S-0.4-15_O-0.4-5123-Yes,https://i.postimg.cc/YCNL1715/E1c-0-8-S-0-4-15-O-0-4-5123-Yes-daylight.png
0.261905,E1c-0.6-S-0.4-15_O-0.4-5123-Yes,https://i.postimg.cc/28ZZShyG/E1c-0-6-S-0-4-15-O-0-4-5123-Yes-daylight.png
0.698413,E1c-1.4-S-0.6-15_O-0.6-6028-No,https://i.postimg.cc/QNBbcBVf/E1c-1-4-S-0-6-15-O-0-6-6028-No-daylight.png
0.611111,E1c-1.2-S-0.6-15_O-0.6-6028-No,https://i.postimg.cc/bJ5Zzwhb/E1c-1-2-S-0-6-15-O-0-6-6028-No-daylight.png
0.531746,E1c-1.0-S-0.6-15_O-0.6-6028-No,https://i.postimg.cc/wjzQK02k/E1c-1-S-0-6-15-O-0-6-6028-No-daylight.png
0.428572,E1c-0.8-S-0.6-15_O-0.6-6028-No,https://i.postimg.cc/9fWRbkbh/E1c-0-8-S-0-6-15-O-0-6-6028-No-daylight.png
0.277778,E1c-0.6-S-0.6-15_O-0.6-6028-No,https://i.postimg.cc/jd77SPCs/E1c-0-6-S-0-6-15-O-0-6-6028-No-daylight.png
0.603175,E1c-1.4-S-0.6-15_O-0.6-5123-No,https://i.postimg.cc/rydJ5dzJ/E1c-1-4-S-0-6-15-O-0-6-5123-No-daylight.png
0.515873,E1c-1.2-S-0.6-15_O-0.6-5123-No,https://i.postimg.cc/C12RFxgq/E1c-1-2-S-0-6-15-O-0-6-5123-No-daylight.png
0.444444,E1c-1.0-S-0.6-15_O-0.6-5123-No,https://i.postimg.cc/bwP9X3gT/E1c-1-S-0-6-15-O-0-6-5123-No-daylight.png
0.34127,E1c-0.8-S-0.6-15_O-0.6-5123-No,https://i.postimg.cc/CKFB727y/E1c-0-8-S-0-6-15-O-0-6-5123-No-daylight.png
0.150794,E1c-0.6-S-0.6-15_O-0.6-5123-No,https://i.postimg.cc/rFrrwxzM/E1c-0-6-S-0-6-15-O-0-6-5123-No-daylight.png
0.484127,E1c-1.4-S-0.6-15_O-0.6-6028-Yes,https://i.postimg.cc/9X4py4zx/E1c-1-4-S-0-6-15-O-0-6-6028-Yes-daylight.png
0.444444,E1c-1.2-S-0.6-15_O-0.6-6028-Yes,https://i.postimg.cc/DZNS2wT1/E1c-1-2-S-0-6-15-O-0-6-6028-Yes-daylight.png
0.531746,E1c-1.0-S-0.6-15_O-0.6-6028-Yes,https://i.postimg.cc/2SY7p2GT/E1c-1-S-0-6-15-O-0-6-6028-Yes-daylight.png
0.373016,E1c-0.8-S-0.6-15_O-0.6-6028-Yes,https://i.postimg.cc/nLHj2W2Z/E1c-0-8-S-0-6-15-O-0-6-6028-Yes-daylight.png
0.269841,E1c-0.6-S-0.6-15_O-0.6-6028-Yes,https://i.postimg.cc/5NCC2Lj2/E1c-0-6-S-0-6-15-O-0-6-6028-Yes-daylight.png
0.436508,E1c-1.4-S-0.6-15_O-0.6-5123-Yes,https://i.postimg.cc/NGy4RyLp/E1c-1-4-S-0-6-15-O-0-6-5123-Yes-daylight.png
0.404762,E1c-1.2-S-0.6-15_O-0.6-5123-Yes,https://i.postimg.cc/V6hJYk8t/E1c-1-2-S-0-6-15-O-0-6-5123-Yes-daylight.png
0.444444,E1c-1.0-S-0.6-15_O-0.6-5123-Yes,https://i.postimg.cc/Jz85wPxx/E1c-1-S-0-6-15-O-0-6-5123-Yes-daylight.png
0.325397,E1c-0.8-S-0.6-15_O-0.6-5123-Yes,https://i.postimg.cc/xd0J5Z5S/E1c-0-8-S-0-6-15-O-0-6-5123-Yes-daylight.png
0.150794,E1c-0.6-S-0.6-15_O-0.6-5123-Yes,https://i.postimg.cc/c4nnLw6d/E1c-0-6-S-0-6-15-O-0-6-5123-Yes-daylight.png
0.642858,E1c-1.4-S-0.8-15_O-0.8-6028-No,https://i.postimg.cc/Dftc62bx/E1c-1-4-S-0-8-15-O-0-8-6028-No-daylight.png
0.555556,E1c-1.2-S-0.8-15_O-0.8-6028-No,https://i.postimg.cc/7hTfbrHn/E1c-1-2-S-0-8-15-O-0-8-6028-No-daylight.png
0.484127,E1c-1.0-S-0.8-15_O-0.8-6028-No,https://i.postimg.cc/FHvVtDG5/E1c-1-S-0-8-15-O-0-8-6028-No-daylight.png
0.373016,E1c-0.8-S-0.8-15_O-0.8-6028-No,https://i.postimg.cc/YSb4sxD2/E1c-0-8-S-0-8-15-O-0-8-6028-No-daylight.png
0.166667,E1c-0.6-S-0.8-15_O-0.8-6028-No,https://i.postimg.cc/sgCZQxZx/E1c-0-6-S-0-8-15-O-0-8-6028-No-daylight.png
0.547619,E1c-1.4-S-0.8-15_O-0.8-5123-No,https://i.postimg.cc/6670C7yJ/E1c-1-4-S-0-8-15-O-0-8-5123-No-daylight.png
0.47619,E1c-1.2-S-0.8-15_O-0.8-5123-No,https://i.postimg.cc/tJVY7GqF/E1c-1-2-S-0-8-15-O-0-8-5123-No-daylight.png
0.380953,E1c-1.0-S-0.8-15_O-0.8-5123-No,https://i.postimg.cc/6pKfsYzN/E1c-1-S-0-8-15-O-0-8-5123-No-daylight.png
0.285714,E1c-0.8-S-0.8-15_O-0.8-5123-No,https://i.postimg.cc/6Q92cPc4/E1c-0-8-S-0-8-15-O-0-8-5123-No-daylight.png
0.111111,E1c-0.6-S-0.8-15_O-0.8-5123-No,https://i.postimg.cc/Gmns8ts3/E1c-0-6-S-0-8-15-O-0-8-5123-No-daylight.png
0.444444,E1c-1.4-S-0.8-15_O-0.8-6028-Yes,https://i.postimg.cc/jqGhcsJ3/E1c-1-4-S-0-8-15-O-0-8-6028-Yes-daylight.png
0.428572,E1c-1.2-S-0.8-15_O-0.8-6028-Yes,https://i.postimg.cc/GtsH9nLQ/E1c-1-2-S-0-8-15-O-0-8-6028-Yes-daylight.png
0.47619,E1c-1.0-S-0.8-15_O-0.8-6028-Yes,https://i.postimg.cc/qvrxfjQT/E1c-1-S-0-8-15-O-0-8-6028-Yes-daylight.png
0.34127,E1c-0.8-S-0.8-15_O-0.8-6028-Yes,https://i.postimg.cc/jjZWFh3x/E1c-0-8-S-0-8-15-O-0-8-6028-Yes-daylight.png
0.190476,E1c-0.6-S-0.8-15_O-0.8-6028-Yes,https://i.postimg.cc/8zgrJcrs/E1c-0-6-S-0-8-15-O-0-8-6028-Yes-daylight.png
0.404762,E1c-1.4-S-0.8-15_O-0.8-5123-Yes,https://i.postimg.cc/G3ZjKcsM/E1c-1-4-S-0-8-15-O-0-8-5123-Yes-daylight.png
0.380953,E1c-1.2-S-0.8-15_O-0.8-5123-Yes,https://i.postimg.cc/5yF6jW45/E1c-1-2-S-0-8-15-O-0-8-5123-Yes-daylight.png
0.396826,E1c-1.0-S-0.8-15_O-0.8-5123-Yes,https://i.postimg.cc/Cx0symJy/E1c-1-S-0-8-15-O-0-8-5123-Yes-daylight.png
0.285714,E1c-0.8-S-0.8-15_O-0.8-5123-Yes,https://i.postimg.cc/252qKx9z/E1c-0-8-S-0-8-15-O-0-8-5123-Yes-daylight.png
0.126984,E1c-0.6-S-0.8-15_O-0.8-5123-Yes,https://i.postimg.cc/mgWFzkFr/E1c-0-6-S-0-8-15-O-0-8-5123-Yes-daylight.png
0.84127,E1c-1.4-S-0-30_O-0-6028-No,https://i.postimg.cc/WpQ782kz/E1c-1-4-S-0-30-O-0-6028-No-daylight.png
0.769841,E1c-1.2-S-0-30_O-0-6028-No,https://i.postimg.cc/5jdjCKyP/E1c-1-2-S-0-30-O-0-6028-No-daylight.png
0.68254,E1c-1.0-S-0-30_O-0-6028-No,https://i.postimg.cc/7ZNMq0QP/E1c-1-S-0-30-O-0-6028-No-daylight.png
0.579365,E1c-0.8-S-0-30_O-0-6028-No,https://i.postimg.cc/ydxJ4S2m/E1c-0-8-S-0-30-O-0-6028-No-daylight.png
0.484127,E1c-0.6-S-0-30_O-0-6028-No,https://i.postimg.cc/fR7SxsxX/E1c-0-6-S-0-30-O-0-6028-No-daylight.png
0.722222,E1c-1.4-S-0-30_O-0-5123-No,https://i.postimg.cc/66Dhc9vQ/E1c-1-4-S-0-30-O-0-5123-No-daylight.png
0.666667,E1c-1.2-S-0-30_O-0-5123-No,https://i.postimg.cc/SjFjM1RD/E1c-1-2-S-0-30-O-0-5123-No-daylight.png
0.579366,E1c-1.0-S-0-30_O-0-5123-No,https://i.postimg.cc/VkFBznHk/E1c-1-S-0-30-O-0-5123-No-daylight.png
0.492063,E1c-0.8-S-0-30_O-0-5123-No,https://i.postimg.cc/1zJgjK7W/E1c-0-8-S-0-30-O-0-5123-No-daylight.png
0.380953,E1c-0.6-S-0-30_O-0-5123-No,https://i.postimg.cc/FHbkjvjk/E1c-0-6-S-0-30-O-0-5123-No-daylight.png
0.84127,E1c-1.4-S-0-30_O-0-6028-Yes,https://i.postimg.cc/FF2xp9L7/E1c-1-4-S-0-30-O-0-6028-Yes-daylight.png
0.761905,E1c-1.2-S-0-30_O-0-6028-Yes,https://i.postimg.cc/G9w9ygt7/E1c-1-2-S-0-30-O-0-6028-Yes-daylight.png
0.666667,E1c-1.0-S-0-30_O-0-6028-Yes,https://i.postimg.cc/0yCd9DHN/E1c-1-S-0-30-O-0-6028-Yes-daylight.png
0.579365,E1c-0.8-S-0-30_O-0-6028-Yes,https://i.postimg.cc/bJrGc24g/E1c-0-8-S-0-30-O-0-6028-Yes-daylight.png
0.484127,E1c-0.6-S-0-30_O-0-6028-Yes,https://i.postimg.cc/130VpSpw/E1c-0-6-S-0-30-O-0-6028-Yes-daylight.png
0.722222,E1c-1.4-S-0-30_O-0-5123-Yes,https://i.postimg.cc/44r1PJ9d/E1c-1-4-S-0-30-O-0-5123-Yes-daylight.png
0.642857,E1c-1.2-S-0-30_O-0-5123-Yes,https://i.postimg.cc/0rRrwXjV/E1c-1-2-S-0-30-O-0-5123-Yes-daylight.png
0.571429,E1c-1.0-S-0-30_O-0-5123-Yes,https://i.postimg.cc/13KcywY5/E1c-1-S-0-30-O-0-5123-Yes-daylight.png
0.492063,E1c-0.8-S-0-30_O-0-5123-Yes,https://i.postimg.cc/rmsdXt75/E1c-0-8-S-0-30-O-0-5123-Yes-daylight.png
0.380953,E1c-0.6-S-0-30_O-0-5123-Yes,https://i.postimg.cc/L8kgzSz1/E1c-0-6-S-0-30-O-0-5123-Yes-daylight.png
0.777778,E1c-1.4-S-0.2-30_O-0.2-6028-No,https://i.postimg.cc/5jdjCKjV/E1c-1-4-S-0-2-30-O-0-2-6028-No-daylight.png
0.706349,E1c-1.2-S-0.2-30_O-0.2-6028-No,https://i.postimg.cc/mDkcfF04/E1c-1-2-S-0-2-30-O-0-2-6028-No-daylight.png
0.611111,E1c-1.0-S-0.2-30_O-0.2-6028-No,https://i.postimg.cc/KvBDsdPR/E1c-1-S-0-2-30-O-0-2-6028-No-daylight.png
0.515873,E1c-0.8-S-0.2-30_O-0.2-6028-No,https://i.postimg.cc/7Z1Jg4gB/E1c-0-8-S-0-2-30-O-0-2-6028-No-daylight.png
0.396826,E1c-0.6-S-0.2-30_O-0.2-6028-No,https://i.postimg.cc/h4wmnpDs/E1c-0-6-S-0-2-30-O-0-2-6028-No-daylight.png
0.666667,E1c-1.4-S-0.2-30_O-0.2-5123-No,https://i.postimg.cc/G9w9yg9n/E1c-1-4-S-0-2-30-O-0-2-5123-No-daylight.png
0.611111,E1c-1.2-S-0.2-30_O-0.2-5123-No,https://i.postimg.cc/sXxBdZbt/E1c-1-2-S-0-2-30-O-0-2-5123-No-daylight.png
0.523809,E1c-1.0-S-0.2-30_O-0.2-5123-No,https://i.postimg.cc/hPT13HLh/E1c-1-S-0-2-30-O-0-2-5123-No-daylight.png
0.436508,E1c-0.8-S-0.2-30_O-0.2-5123-No,https://i.postimg.cc/7Z1Jg4gm/E1c-0-8-S-0-2-30-O-0-2-5123-No-daylight.png
0.325397,E1c-0.6-S-0.2-30_O-0.2-5123-No,https://i.postimg.cc/tRf6b2q5/E1c-0-6-S-0-2-30-O-0-2-5123-No-daylight.png
0.444444,E1c-1.4-S-0.2-30_O-0.2-6028-Yes,https://i.postimg.cc/s1d1hH1y/E1c-1-4-S-0-2-30-O-0-2-6028-Yes-daylight.png
0.452381,E1c-1.2-S-0.2-30_O-0.2-6028-Yes,https://i.postimg.cc/76hC8Tpw/E1c-1-2-S-0-2-30-O-0-2-6028-Yes-daylight.png
0.619048,E1c-1.0-S-0.2-30_O-0.2-6028-Yes,https://i.postimg.cc/L6L30rtg/E1c-1-S-0-2-30-O-0-2-6028-Yes-daylight.png
0.428572,E1c-0.8-S-0.2-30_O-0.2-6028-Yes,https://i.postimg.cc/pLQ5DvDG/E1c-0-8-S-0-2-30-O-0-2-6028-Yes-daylight.png
0.388889,E1c-0.6-S-0.2-30_O-0.2-6028-Yes,https://i.postimg.cc/J7gX8PrK/E1c-0-6-S-0-2-30-O-0-2-6028-Yes-daylight.png
0.436508,E1c-1.4-S-0.2-30_O-0.2-5123-Yes,https://i.postimg.cc/pybyFcyt/E1c-1-4-S-0-2-30-O-0-2-5123-Yes-daylight.png
0.444444,E1c-1.2-S-0.2-30_O-0.2-5123-Yes,https://i.postimg.cc/wvMt8sSd/E1c-1-2-S-0-2-30-O-0-2-5123-Yes-daylight.png
0.531746,E1c-1.0-S-0.2-30_O-0.2-5123-Yes,https://i.postimg.cc/jdP4kGHW/E1c-1-S-0-2-30-O-0-2-5123-Yes-daylight.png
0.388889,E1c-0.8-S-0.2-30_O-0.2-5123-Yes,https://i.postimg.cc/K873nbn0/E1c-0-8-S-0-2-30-O-0-2-5123-Yes-daylight.png
0.31746,E1c-0.6-S-0.2-30_O-0.2-5123-Yes,https://i.postimg.cc/HWKMmBYt/E1c-0-6-S-0-2-30-O-0-2-5123-Yes-daylight.png
0.722222,E1c-1.4-S-0.4-30_O-0.4-6028-No,https://i.postimg.cc/MZcD1cXR/E1c-1-4-S-0-4-30-O-0-4-6028-No-daylight.png
0.642857,E1c-1.2-S-0.4-30_O-0.4-6028-No,https://i.postimg.cc/C12RFxgK/E1c-1-2-S-0-4-30-O-0-4-6028-No-daylight.png
0.555556,E1c-1.0-S-0.4-30_O-0.4-6028-No,https://i.postimg.cc/qMyxZ9sQ/E1c-1-S-0-4-30-O-0-4-6028-No-daylight.png
0.444444,E1c-0.8-S-0.4-30_O-0.4-6028-No,https://i.postimg.cc/XvVGLP81/E1c-0-8-S-0-4-30-O-0-4-6028-No-daylight.png
0.31746,E1c-0.6-S-0.4-30_O-0.4-6028-No,https://i.postimg.cc/m2HHgCkn/E1c-0-6-S-0-4-30-O-0-4-6028-No-daylight.png
0.611111,E1c-1.4-S-0.4-30_O-0.4-5123-No,https://i.postimg.cc/fW3KY3k0/E1c-1-4-S-0-4-30-O-0-4-5123-No-daylight.png
0.555556,E1c-1.2-S-0.4-30_O-0.4-5123-No,https://i.postimg.cc/NMnKgjcF/E1c-1-2-S-0-4-30-O-0-4-5123-No-daylight.png
0.484127,E1c-1.0-S-0.4-30_O-0.4-5123-No,https://i.postimg.cc/3JmFbPXn/E1c-1-S-0-4-30-O-0-4-5123-No-daylight.png
0.380953,E1c-0.8-S-0.4-30_O-0.4-5123-No,https://i.postimg.cc/9QPwG2dH/E1c-0-8-S-0-4-30-O-0-4-5123-No-daylight.png
0.222222,E1c-0.6-S-0.4-30_O-0.4-5123-No,https://i.postimg.cc/DyXXwL0p/E1c-0-6-S-0-4-30-O-0-4-5123-No-daylight.png
0.444444,E1c-1.4-S-0.4-30_O-0.4-6028-Yes,https://i.postimg.cc/rydJ5dz5/E1c-1-4-S-0-4-30-O-0-4-6028-Yes-daylight.png
0.468254,E1c-1.2-S-0.4-30_O-0.4-6028-Yes,https://i.postimg.cc/4d0YJxgm/E1c-1-2-S-0-4-30-O-0-4-6028-Yes-daylight.png
0.555556,E1c-1.0-S-0.4-30_O-0.4-6028-Yes,https://i.postimg.cc/W1VwRX8g/E1c-1-S-0-4-30-O-0-4-6028-Yes-daylight.png
0.388889,E1c-0.8-S-0.4-30_O-0.4-6028-Yes,https://i.postimg.cc/5txYgr3k/E1c-0-8-S-0-4-30-O-0-4-6028-Yes-daylight.png
0.325397,E1c-0.6-S-0.4-30_O-0.4-6028-Yes,https://i.postimg.cc/BQKKnHby/E1c-0-6-S-0-4-30-O-0-4-6028-Yes-daylight.png
0.436508,E1c-1.4-S-0.4-30_O-0.4-5123-Yes,https://i.postimg.cc/3ryB2yWG/E1c-1-4-S-0-4-30-O-0-4-5123-Yes-daylight.png
0.436508,E1c-1.2-S-0.4-30_O-0.4-5123-Yes,https://i.postimg.cc/FR6Y9H4h/E1c-1-2-S-0-4-30-O-0-4-5123-Yes-daylight.png
0.468254,E1c-1.0-S-0.4-30_O-0.4-5123-Yes,https://i.postimg.cc/9FZYNvdb/E1c-1-S-0-4-30-O-0-4-5123-Yes-daylight.png
0.36508,E1c-0.8-S-0.4-30_O-0.4-5123-Yes,https://i.postimg.cc/FK9dp6Z6/E1c-0-8-S-0-4-30-O-0-4-5123-Yes-daylight.png
0.222222,E1c-0.6-S-0.4-30_O-0.4-5123-Yes,https://i.postimg.cc/ZKdd5pnD/E1c-0-6-S-0-4-30-O-0-4-5123-Yes-daylight.png
0.666667,E1c-1.4-S-0.6-30_O-0.6-6028-No,https://i.postimg.cc/HWJ2bJjP/E1c-1-4-S-0-6-30-O-0-6-6028-No-daylight.png
0.587302,E1c-1.2-S-0.6-30_O-0.6-6028-No,https://i.postimg.cc/QCWHVZ8V/E1c-1-2-S-0-6-30-O-0-6-6028-No-daylight.png
0.5,E1c-1.0-S-0.6-30_O-0.6-6028-No,https://i.postimg.cc/P5HQG2y3/E1c-1-S-0-6-30-O-0-6-6028-No-daylight.png
0.388889,E1c-0.8-S-0.6-30_O-0.6-6028-No,https://i.postimg.cc/5txYgrg2/E1c-0-8-S-0-6-30-O-0-6-6028-No-daylight.png
0.206349,E1c-0.6-S-0.6-30_O-0.6-6028-No,https://i.postimg.cc/sgCZQxZr/E1c-0-6-S-0-6-30-O-0-6-6028-No-daylight.png
0.571429,E1c-1.4-S-0.6-30_O-0.6-5123-No,https://i.postimg.cc/ZY9c6907/E1c-1-4-S-0-6-30-O-0-6-5123-No-daylight.png
0.492063,E1c-1.2-S-0.6-30_O-0.6-5123-No,https://i.postimg.cc/mkFthWLk/E1c-1-2-S-0-6-30-O-0-6-5123-No-daylight.png
0.412699,E1c-1.0-S-0.6-30_O-0.6-5123-No,https://i.postimg.cc/8zGm8t4Z/E1c-1-S-0-6-30-O-0-6-5123-No-daylight.png
0.309524,E1c-0.8-S-0.6-30_O-0.6-5123-No,https://i.postimg.cc/W42F8y8T/E1c-0-8-S-0-6-30-O-0-6-5123-No-daylight.png
0.134921,E1c-0.6-S-0.6-30_O-0.6-5123-No,https://i.postimg.cc/VLCCkn5N/E1c-0-6-S-0-6-30-O-0-6-5123-No-daylight.png
0.468254,E1c-1.4-S-0.6-30_O-0.6-6028-Yes,https://i.postimg.cc/nVskqsMP/E1c-1-4-S-0-6-30-O-0-6-6028-Yes-daylight.png
0.444444,E1c-1.2-S-0.6-30_O-0.6-6028-Yes,https://i.postimg.cc/J0BGtCrs/E1c-1-2-S-0-6-30-O-0-6-6028-Yes-daylight.png
0.5,E1c-1.0-S-0.6-30_O-0.6-6028-Yes,https://i.postimg.cc/3xhFMn1b/E1c-1-S-0-6-30-O-0-6-6028-Yes-daylight.png
0.373016,E1c-0.8-S-0.6-30_O-0.6-6028-Yes,https://i.postimg.cc/vmQghKhB/E1c-0-8-S-0-6-30-O-0-6-6028-Yes-daylight.png
0.222222,E1c-0.6-S-0.6-30_O-0.6-6028-Yes,https://i.postimg.cc/t4GVZJV9/E1c-0-6-S-0-6-30-O-0-6-6028-Yes-daylight.png
0.428572,E1c-1.4-S-0.6-30_O-0.6-5123-Yes,https://i.postimg.cc/PfL41LN7/E1c-1-4-S-0-6-30-O-0-6-5123-Yes-daylight.png
0.404762,E1c-1.2-S-0.6-30_O-0.6-5123-Yes,https://i.postimg.cc/x8bcqVfC/E1c-1-2-S-0-6-30-O-0-6-5123-Yes-daylight.png
0.412698,E1c-1.0-S-0.6-30_O-0.6-5123-Yes,https://i.postimg.cc/qvrxfjwm/E1c-1-S-0-6-30-O-0-6-5123-Yes-daylight.png
0.309524,E1c-0.8-S-0.6-30_O-0.6-5123-Yes,https://i.postimg.cc/YSpGRPRq/E1c-0-8-S-0-6-30-O-0-6-5123-Yes-daylight.png
0.126984,E1c-0.6-S-0.6-30_O-0.6-5123-Yes,https://i.postimg.cc/JzCBD0BW/E1c-0-6-S-0-6-30-O-0-6-5123-Yes-daylight.png
0.611111,E1c-1.4-S-0.8-30_O-0.8-6028-No,https://i.postimg.cc/Dftc62bM/E1c-1-4-S-0-8-30-O-0-8-6028-No-daylight.png
0.539683,E1c-1.2-S-0.8-30_O-0.8-6028-No,https://i.postimg.cc/kGtBDPJY/E1c-1-2-S-0-8-30-O-0-8-6028-No-daylight.png
0.436508,E1c-1.0-S-0.8-30_O-0.8-6028-No,https://i.postimg.cc/dV9mJrNp/E1c-1-S-0-8-30-O-0-8-6028-No-daylight.png
0.325397,E1c-0.8-S-0.8-30_O-0.8-6028-No,https://i.postimg.cc/8CtF0bXf/E1c-0-8-S-0-8-30-O-0-8-6028-No-daylight.png
0.150794,E1c-0.6-S-0.8-30_O-0.8-6028-No,https://i.postimg.cc/y8CSgxS3/E1c-0-6-S-0-8-30-O-0-8-6028-No-daylight.png
0.515873,E1c-1.4-S-0.8-30_O-0.8-5123-No,https://i.postimg.cc/T2Zc0RWB/E1c-1-4-S-0-8-30-O-0-8-5123-No-daylight.png
0.444444,E1c-1.2-S-0.8-30_O-0.8-5123-No,https://i.postimg.cc/GtsH9nLK/E1c-1-2-S-0-8-30-O-0-8-5123-No-daylight.png
0.365079,E1c-1.0-S-0.8-30_O-0.8-5123-No,https://i.postimg.cc/NjtkhpbY/E1c-1-S-0-8-30-O-0-8-5123-No-daylight.png
0.246032,E1c-0.8-S-0.8-30_O-0.8-5123-No,https://i.postimg.cc/8CtF0bXz/E1c-0-8-S-0-8-30-O-0-8-5123-No-daylight.png
0.071428,E1c-0.6-S-0.8-30_O-0.8-5123-No,https://i.postimg.cc/Gmns8tsH/E1c-0-6-S-0-8-30-O-0-8-5123-No-daylight.png
0.444444,E1c-1.4-S-0.8-30_O-0.8-6028-Yes,https://i.postimg.cc/mZ0SjbF0/E1c-1-4-S-0-8-30-O-0-8-6028-Yes-daylight.png
0.412699,E1c-1.2-S-0.8-30_O-0.8-6028-Yes,https://i.postimg.cc/nrQCMfF0/E1c-1-2-S-0-8-30-O-0-8-6028-Yes-daylight.png
0.436508,E1c-1.0-S-0.8-30_O-0.8-6028-Yes,https://i.postimg.cc/FHxgh3C2/E1c-1-S-0-8-30-O-0-8-6028-Yes-daylight.png
0.31746,E1c-0.8-S-0.8-30_O-0.8-6028-Yes,https://i.postimg.cc/9fJ4nBg9/E1c-0-8-S-0-8-30-O-0-8-6028-Yes-daylight.png
0.142857,E1c-0.6-S-0.8-30_O-0.8-6028-Yes,https://i.postimg.cc/g2b6Xj6X/E1c-0-6-S-0-8-30-O-0-8-6028-Yes-daylight.png
0.396826,E1c-1.4-S-0.8-30_O-0.8-5123-Yes,https://i.postimg.cc/zD9k7JRQ/E1c-1-4-S-0-8-30-O-0-8-5123-Yes-daylight.png
0.380953,E1c-1.2-S-0.8-30_O-0.8-5123-Yes,https://i.postimg.cc/nrQCMfFT/E1c-1-2-S-0-8-30-O-0-8-5123-Yes-daylight.png
0.349206,E1c-1.0-S-0.8-30_O-0.8-5123-Yes,https://i.postimg.cc/jShQRP39/E1c-1-S-0-8-30-O-0-8-5123-Yes-daylight.png
0.246032,E1c-0.8-S-0.8-30_O-0.8-5123-Yes,https://i.postimg.cc/nL0sP1Sj/E1c-0-8-S-0-8-30-O-0-8-5123-Yes-daylight.png
0.079365,E1c-0.6-S-0.8-30_O-0.8-5123-Yes,https://i.postimg.cc/QdZW9CWB/E1c-0-6-S-0-8-30-O-0-8-5123-Yes-daylight.png
