out:sDA,out:ID,Link_E1a
0.833333,E1a-1.4-S-0-0_O-0-6028-No,https://i.postimg.cc/wBTMLmxp/E1a-1-4-S-0-0-O-0-6028-No-daylight.png
0.777778,E1a-1.2-S-0-0_O-0-6028-No,https://i.postimg.cc/Fs3Y4vnv/E1a-1-2-S-0-0-O-0-6028-No-daylight.png
0.674603,E1a-1.0-S-0-0_O-0-6028-No,https://i.postimg.cc/4dY3FR9C/E1a-1-S-0-0-O-0-6028-No-daylight.png
0.587302,E1a-0.8-S-0-0_O-0-6028-No,https://i.postimg.cc/pV99szfH/E1a-0-8-S-0-0-O-0-6028-No-daylight.png
0.484127,E1a-0.6-S-0-0_O-0-6028-No,https://i.postimg.cc/KzW2KK4y/E1a-0-6-S-0-0-O-0-6028-No-daylight.png
0.722222,E1a-1.4-S-0-0_O-0-5123-No,https://i.postimg.cc/mr2kCHZW/E1a-1-4-S-0-0-O-0-5123-No-daylight.png
0.65873,E1a-1.2-S-0-0_O-0-5123-No,https://i.postimg.cc/7Y05k4Qv/E1a-1-2-S-0-0-O-0-5123-No-daylight.png
0.595238,E1a-1.0-S-0-0_O-0-5123-No,https://i.postimg.cc/LXJs0FZc/E1a-1-S-0-0-O-0-5123-No-daylight.png
0.5,E1a-0.8-S-0-0_O-0-5123-No,https://i.postimg.cc/z3ZYj9n9/E1a-0-8-S-0-0-O-0-5123-No-daylight.png
0.380953,E1a-0.6-S-0-0_O-0-5123-No,https://i.postimg.cc/xCZ2kk8W/E1a-0-6-S-0-0-O-0-5123-No-daylight.png
0.452381,E1a-1.4-S-0-0_O-0-6028-Yes,https://i.postimg.cc/tgCJWxRb/E1a-1-4-S-0-0-O-0-6028-Yes-daylight.png
0.452381,E1a-1.2-S-0-0_O-0-6028-Yes,https://i.postimg.cc/yYcDHKrs/E1a-1-2-S-0-0-O-0-6028-Yes-daylight.png
0.666667,E1a-1.0-S-0-0_O-0-6028-Yes,https://i.postimg.cc/j5DjkY7b/E1a-1-S-0-0-O-0-6028-Yes-daylight.png
0.460317,E1a-0.8-S-0-0_O-0-6028-Yes,https://i.postimg.cc/BZ88mHTs/E1a-0-8-S-0-0-O-0-6028-Yes-daylight.png
0.428572,E1a-0.6-S-0-0_O-0-6028-Yes,https://i.postimg.cc/j51bWWCK/E1a-0-6-S-0-0-O-0-6028-Yes-daylight.png
0.444444,E1a-1.4-S-0-0_O-0-5123-Yes,https://i.postimg.cc/KYvjBMcS/E1a-1-4-S-0-0-O-0-5123-Yes-daylight.png
0.436508,E1a-1.2-S-0-0_O-0-5123-Yes,https://i.postimg.cc/MKVnSwrJ/E1a-1-2-S-0-0-O-0-5123-Yes-daylight.png
0.571429,E1a-1.0-S-0-0_O-0-5123-Yes,https://i.postimg.cc/4dY3FR9T/E1a-1-S-0-0-O-0-5123-Yes-daylight.png
0.428572,E1a-0.8-S-0-0_O-0-5123-Yes,https://i.postimg.cc/pybMZgDw/E1a-0-8-S-0-0-O-0-5123-Yes-daylight.png
0.380953,E1a-0.6-S-0-0_O-0-5123-Yes,https://i.postimg.cc/Qtz3BBVZ/E1a-0-6-S-0-0-O-0-5123-Yes-daylight.png
0.801588,E1a-1.4-S-0.2-0_O-0.2-6028-No,https://i.postimg.cc/YC7h2PJq/E1a-1-4-S-0-2-0-O-0-2-6028-No-daylight.png
0.722222,E1a-1.2-S-0.2-0_O-0.2-6028-No,https://i.postimg.cc/nVss3B4X/E1a-1-2-S-0-2-0-O-0-2-6028-No-daylight.png
0.634921,E1a-1.0-S-0.2-0_O-0.2-6028-No,https://i.postimg.cc/tgCJWxRn/E1a-1-S-0-2-0-O-0-2-6028-No-daylight.png
0.547619,E1a-0.8-S-0.2-0_O-0.2-6028-No,https://i.postimg.cc/tJVHFXVj/E1a-0-8-S-0-2-0-O-0-2-6028-No-daylight.png
0.428572,E1a-0.6-S-0.2-0_O-0.2-6028-No,https://i.postimg.cc/YSbkHDHH/E1a-0-6-S-0-2-0-O-0-2-6028-No-daylight.png
0.666667,E1a-1.4-S-0.2-0_O-0.2-5123-No,https://i.postimg.cc/BQHj03w8/E1a-1-4-S-0-2-0-O-0-2-5123-No-daylight.png
0.611111,E1a-1.2-S-0.2-0_O-0.2-5123-No,https://i.postimg.cc/dQ775r2D/E1a-1-2-S-0-2-0-O-0-2-5123-No-daylight.png
0.539683,E1a-1.0-S-0.2-0_O-0.2-5123-No,https://i.postimg.cc/QMxC1TNH/E1a-1-S-0-2-0-O-0-2-5123-No-daylight.png
0.444444,E1a-0.8-S-0.2-0_O-0.2-5123-No,https://i.postimg.cc/kGtdWntd/E1a-0-8-S-0-2-0-O-0-2-5123-No-daylight.png
0.333334,E1a-0.6-S-0.2-0_O-0.2-5123-No,https://i.postimg.cc/9fJVhgh2/E1a-0-6-S-0-2-0-O-0-2-5123-No-daylight.png
0.444444,E1a-1.4-S-0.2-0_O-0.2-6028-Yes,https://i.postimg.cc/GmRH3fZ2/E1a-1-4-S-0-2-0-O-0-2-6028-Yes-daylight.png
0.460318,E1a-1.2-S-0.2-0_O-0.2-6028-Yes,https://i.postimg.cc/zDLLxKCL/E1a-1-2-S-0-2-0-O-0-2-6028-Yes-daylight.png
0.634921,E1a-1.0-S-0.2-0_O-0.2-6028-Yes,https://i.postimg.cc/GphtGy3D/E1a-1-S-0-2-0-O-0-2-6028-Yes-daylight.png
0.436508,E1a-0.8-S-0.2-0_O-0.2-6028-Yes,https://i.postimg.cc/yxSz0VSs/E1a-0-8-S-0-2-0-O-0-2-6028-Yes-daylight.png
0.396826,E1a-0.6-S-0.2-0_O-0.2-6028-Yes,https://i.postimg.cc/fbBZNqND/E1a-0-6-S-0-2-0-O-0-2-6028-Yes-daylight.png
0.436508,E1a-1.4-S-0.2-0_O-0.2-5123-Yes,https://i.postimg.cc/qvrzBF9J/E1a-1-4-S-0-2-0-O-0-2-5123-Yes-daylight.png
0.452381,E1a-1.2-S-0.2-0_O-0.2-5123-Yes,https://i.postimg.cc/7PCCK03f/E1a-1-2-S-0-2-0-O-0-2-5123-Yes-daylight.png
0.547619,E1a-1.0-S-0.2-0_O-0.2-5123-Yes,https://i.postimg.cc/xdT8MzjX/E1a-1-S-0-2-0-O-0-2-5123-Yes-daylight.png
0.412698,E1a-0.8-S-0.2-0_O-0.2-5123-Yes,https://i.postimg.cc/qqCd2kCr/E1a-0-8-S-0-2-0-O-0-2-5123-Yes-daylight.png
0.325397,E1a-0.6-S-0.2-0_O-0.2-5123-Yes,https://i.postimg.cc/rpQckZkc/E1a-0-6-S-0-2-0-O-0-2-5123-Yes-daylight.png
0.753968,E1a-1.4-S-0.4-0_O-0.4-6028-No,https://i.postimg.cc/jSTLq1GP/E1a-1-4-S-0-4-0-O-0-4-6028-No-daylight.png
0.666667,E1a-1.2-S-0.4-0_O-0.4-6028-No,https://i.postimg.cc/xjkk6MvG/E1a-1-2-S-0-4-0-O-0-4-6028-No-daylight.png
0.595238,E1a-1.0-S-0.4-0_O-0.4-6028-No,https://i.postimg.cc/XvHJ8YXB/E1a-1-S-0-4-0-O-0-4-6028-No-daylight.png
0.492063,E1a-0.8-S-0.4-0_O-0.4-6028-No,https://i.postimg.cc/FzJQ09Jf/E1a-0-8-S-0-4-0-O-0-4-6028-No-daylight.png
0.357143,E1a-0.6-S-0.4-0_O-0.4-6028-No,https://i.postimg.cc/qRqrMcJq/E1a-0-6-S-0-4-0-O-0-4-6028-No-daylight.png
0.642857,E1a-1.4-S-0.4-0_O-0.4-5123-No,https://i.postimg.cc/qvrzBF9n/E1a-1-4-S-0-4-0-O-0-4-5123-No-daylight.png
0.587302,E1a-1.2-S-0.4-0_O-0.4-5123-No,https://i.postimg.cc/L4qqxLtt/E1a-1-2-S-0-4-0-O-0-4-5123-No-daylight.png
0.492063,E1a-1.0-S-0.4-0_O-0.4-5123-No,https://i.postimg.cc/Zq7Rc50C/E1a-1-S-0-4-0-O-0-4-5123-No-daylight.png
0.396826,E1a-0.8-S-0.4-0_O-0.4-5123-No,https://i.postimg.cc/90qjyWqr/E1a-0-8-S-0-4-0-O-0-4-5123-No-daylight.png
0.269841,E1a-0.6-S-0.4-0_O-0.4-5123-No,https://i.postimg.cc/R0X9BpBH/E1a-0-6-S-0-4-0-O-0-4-5123-No-daylight.png
0.452381,E1a-1.4-S-0.4-0_O-0.4-6028-Yes,https://i.postimg.cc/htnf4YH8/E1a-1-4-S-0-4-0-O-0-4-6028-Yes-daylight.png
0.484127,E1a-1.2-S-0.4-0_O-0.4-6028-Yes,https://i.postimg.cc/J7yypZNc/E1a-1-2-S-0-4-0-O-0-4-6028-Yes-daylight.png
0.603175,E1a-1.0-S-0.4-0_O-0.4-6028-Yes,https://i.postimg.cc/SKTsrxjz/E1a-1-S-0-4-0-O-0-4-6028-Yes-daylight.png
0.404762,E1a-0.8-S-0.4-0_O-0.4-6028-Yes,https://i.postimg.cc/T1WXnRWK/E1a-0-8-S-0-4-0-O-0-4-6028-Yes-daylight.png
0.36508,E1a-0.6-S-0.4-0_O-0.4-6028-Yes,https://i.postimg.cc/Tw1xYjdw/E1a-0-6-S-0-4-0-O-0-4-6028-Yes-daylight.png
0.460318,E1a-1.4-S-0.4-0_O-0.4-5123-Yes,https://i.postimg.cc/Vkwdsh3j/E1a-1-4-S-0-4-0-O-0-4-5123-Yes-daylight.png
0.444444,E1a-1.2-S-0.4-0_O-0.4-5123-Yes,https://i.postimg.cc/CMZZckGj/E1a-1-2-S-0-4-0-O-0-4-5123-Yes-daylight.png
0.492063,E1a-1.0-S-0.4-0_O-0.4-5123-Yes,https://i.postimg.cc/Gp72Qm94/E1a-1-S-0-4-0-O-0-4-5123-Yes-daylight.png
0.380953,E1a-0.8-S-0.4-0_O-0.4-5123-Yes,https://i.postimg.cc/wMsdD6s3/E1a-0-8-S-0-4-0-O-0-4-5123-Yes-daylight.png
0.269841,E1a-0.6-S-0.4-0_O-0.4-5123-Yes,https://i.postimg.cc/VND18Z8b/E1a-0-6-S-0-4-0-O-0-4-5123-Yes-daylight.png
0.698413,E1a-1.4-S-0.6-0_O-0.6-6028-No,https://i.postimg.cc/Hktjr2g4/E1a-1-4-S-0-6-0-O-0-6-6028-No-daylight.png
0.619048,E1a-1.2-S-0.6-0_O-0.6-6028-No,https://i.postimg.cc/bYKZWrgT/E1a-1-2-S-0-6-0-O-0-6-6028-No-daylight.png
0.547619,E1a-1.0-S-0.6-0_O-0.6-6028-No,https://i.postimg.cc/wBfvVj32/E1a-1-S-0-6-0-O-0-6-6028-No-daylight.png
0.436508,E1a-0.8-S-0.6-0_O-0.6-6028-No,https://i.postimg.cc/z3ZYj9nL/E1a-0-8-S-0-6-0-O-0-6-6028-No-daylight.png
0.301588,E1a-0.6-S-0.6-0_O-0.6-6028-No,https://i.postimg.cc/LX5S6k9z/E1a-0-6-S-0-6-0-O-0-6-6028-No-daylight.png
0.611111,E1a-1.4-S-0.6-0_O-0.6-5123-No,https://i.postimg.cc/7Z4fPRpB/E1a-1-4-S-0-6-0-O-0-6-5123-No-daylight.png
0.539683,E1a-1.2-S-0.6-0_O-0.6-5123-No,https://i.postimg.cc/Y2JvZ0RN/E1a-1-2-S-0-6-0-O-0-6-5123-No-daylight.png
0.444444,E1a-1.0-S-0.6-0_O-0.6-5123-No,https://i.postimg.cc/Jh6nqztQ/E1a-1-S-0-6-0-O-0-6-5123-No-daylight.png
0.357143,E1a-0.8-S-0.6-0_O-0.6-5123-No,https://i.postimg.cc/x8bSL0bG/E1a-0-8-S-0-6-0-O-0-6-5123-No-daylight.png
0.174603,E1a-0.6-S-0.6-0_O-0.6-5123-No,https://i.postimg.cc/rmsTFGV4/E1a-0-6-S-0-6-0-O-0-6-5123-No-daylight.png
0.476191,E1a-1.4-S-0.6-0_O-0.6-6028-Yes,https://i.postimg.cc/0yCrzfsG/E1a-1-4-S-0-6-0-O-0-6-6028-Yes-daylight.png
0.468254,E1a-1.2-S-0.6-0_O-0.6-6028-Yes,https://i.postimg.cc/fW6VpyC5/E1a-1-2-S-0-6-0-O-0-6-6028-Yes-daylight.png
0.539683,E1a-1.0-S-0.6-0_O-0.6-6028-Yes,https://i.postimg.cc/bvCJTwdL/E1a-1-S-0-6-0-O-0-6-6028-Yes-daylight.png
0.388889,E1a-0.8-S-0.6-0_O-0.6-6028-Yes,https://i.postimg.cc/Dmk3gtqJ/E1a-0-8-S-0-6-0-O-0-6-6028-Yes-daylight.png
0.285714,E1a-0.6-S-0.6-0_O-0.6-6028-Yes,https://i.postimg.cc/Jn0843rN/E1a-0-6-S-0-6-0-O-0-6-6028-Yes-daylight.png
0.436508,E1a-1.4-S-0.6-0_O-0.6-5123-Yes,https://i.postimg.cc/Cx0zM2Wr/E1a-1-4-S-0-6-0-O-0-6-5123-Yes-daylight.png
0.412698,E1a-1.2-S-0.6-0_O-0.6-5123-Yes,https://i.postimg.cc/G3Z4VtKK/E1a-1-2-S-0-6-0-O-0-6-5123-Yes-daylight.png
0.444444,E1a-1.0-S-0.6-0_O-0.6-5123-Yes,https://i.postimg.cc/bvCJTwdT/E1a-1-S-0-6-0-O-0-6-5123-Yes-daylight.png
0.34127,E1a-0.8-S-0.6-0_O-0.6-5123-Yes,https://i.postimg.cc/nMbfk6vC/E1a-0-8-S-0-6-0-O-0-6-5123-Yes-daylight.png
0.198413,E1a-0.6-S-0.6-0_O-0.6-5123-Yes,https://i.postimg.cc/63qK5VWR/E1a-0-6-S-0-6-0-O-0-6-5123-Yes-daylight.png
0.65873,E1a-1.4-S-0.8-0_O-0.8-6028-No,https://i.postimg.cc/8zbs7HG8/E1a-1-4-S-0-8-0-O-0-8-6028-No-daylight.png
0.587302,E1a-1.2-S-0.8-0_O-0.8-6028-No,https://i.postimg.cc/gcfxQj4b/E1a-1-2-S-0-8-0-O-0-8-6028-No-daylight.png
0.5,E1a-1.0-S-0.8-0_O-0.8-6028-No,https://i.postimg.cc/1t8zY1NM/E1a-1-S-0-8-0-O-0-8-6028-No-daylight.png
0.388889,E1a-0.8-S-0.8-0_O-0.8-6028-No,https://i.postimg.cc/4nkR5rz1/E1a-0-8-S-0-8-0-O-0-8-6028-No-daylight.png
0.214286,E1a-0.6-S-0.8-0_O-0.8-6028-No,https://i.postimg.cc/Px7jLLJ4/E1a-0-6-S-0-8-0-O-0-8-6028-No-daylight.png
0.555556,E1a-1.4-S-0.8-0_O-0.8-5123-No,https://i.postimg.cc/rw9zDJkb/E1a-1-4-S-0-8-0-O-0-8-5123-No-daylight.png
0.492063,E1a-1.2-S-0.8-0_O-0.8-5123-No,https://i.postimg.cc/QNRFwCSL/E1a-1-2-S-0-8-0-O-0-8-5123-No-daylight.png
0.420635,E1a-1.0-S-0.8-0_O-0.8-5123-No,https://i.postimg.cc/k425hPts/E1a-1-S-0-8-0-O-0-8-5123-No-daylight.png
0.301588,E1a-0.8-S-0.8-0_O-0.8-5123-No,https://i.postimg.cc/hhWRrH98/E1a-0-8-S-0-8-0-O-0-8-5123-No-daylight.png
0.134921,E1a-0.6-S-0.8-0_O-0.8-5123-No,https://i.postimg.cc/qRFTttqx/E1a-0-6-S-0-8-0-O-0-8-5123-No-daylight.png
0.468254,E1a-1.4-S-0.8-0_O-0.8-6028-Yes,https://i.postimg.cc/mgShPw4G/E1a-1-4-S-0-8-0-O-0-8-6028-Yes-daylight.png
0.444444,E1a-1.2-S-0.8-0_O-0.8-6028-Yes,https://i.postimg.cc/BZdjkbNG/E1a-1-2-S-0-8-0-O-0-8-6028-Yes-daylight.png
0.492063,E1a-1.0-S-0.8-0_O-0.8-6028-Yes,https://i.postimg.cc/LXJs0FZy/E1a-1-S-0-8-0-O-0-8-6028-Yes-daylight.png
0.357143,E1a-0.8-S-0.8-0_O-0.8-6028-Yes,https://i.postimg.cc/qgVHL98w/E1a-0-8-S-0-8-0-O-0-8-6028-Yes-daylight.png
0.214286,E1a-0.6-S-0.8-0_O-0.8-6028-Yes,https://i.postimg.cc/KzW2KKjQ/E1a-0-6-S-0-8-0-O-0-8-6028-Yes-daylight.png
0.428572,E1a-1.4-S-0.8-0_O-0.8-5123-Yes,https://i.postimg.cc/x1PqXRQD/E1a-1-4-S-0-8-0-O-0-8-5123-Yes-daylight.png
0.388889,E1a-1.2-S-0.8-0_O-0.8-5123-Yes,https://i.postimg.cc/zD9y6vpZ/E1a-1-2-S-0-8-0-O-0-8-5123-Yes-daylight.png
0.404762,E1a-1.0-S-0.8-0_O-0.8-5123-Yes,https://i.postimg.cc/zByfPYRj/E1a-1-S-0-8-0-O-0-8-5123-Yes-daylight.png
0.293651,E1a-0.8-S-0.8-0_O-0.8-5123-Yes,https://i.postimg.cc/c6yGmVQB/E1a-0-8-S-0-8-0-O-0-8-5123-Yes-daylight.png
0.134921,E1a-0.6-S-0.8-0_O-0.8-5123-Yes,https://i.postimg.cc/sXLrBBxT/E1a-0-6-S-0-8-0-O-0-8-5123-Yes-daylight.png
0.857143,E1a-1.4-S-0-15_O-0-6028-No,https://i.postimg.cc/TPY1gD2d/E1a-1-4-S-0-15-O-0-6028-No-daylight.png
0.769841,E1a-1.2-S-0-15_O-0-6028-No,https://i.postimg.cc/MKVnSwr6/E1a-1-2-S-0-15-O-0-6028-No-daylight.png
0.674603,E1a-1.0-S-0-15_O-0-6028-No,https://i.postimg.cc/xCXdFVzf/E1a-1-S-0-15-O-0-6028-No-daylight.png
0.579365,E1a-0.8-S-0-15_O-0-6028-No,https://i.postimg.cc/QNBBf1QN/E1a-0-8-S-0-15-O-0-6028-No-daylight.png
0.47619,E1a-0.6-S-0-15_O-0-6028-No,https://i.postimg.cc/Tws6yyhT/E1a-0-6-S-0-15-O-0-6028-No-daylight.png
0.722222,E1a-1.4-S-0-15_O-0-5123-No,https://i.postimg.cc/7LYh02PD/E1a-1-4-S-0-15-O-0-5123-No-daylight.png
0.650794,E1a-1.2-S-0-15_O-0-5123-No,https://i.postimg.cc/ZKpWSmDZ/E1a-1-2-S-0-15-O-0-5123-No-daylight.png
0.595238,E1a-1.0-S-0-15_O-0-5123-No,https://i.postimg.cc/wv1BbYmH/E1a-1-S-0-15-O-0-5123-No-daylight.png
0.492063,E1a-0.8-S-0-15_O-0-5123-No,https://i.postimg.cc/CMZZckGw/E1a-0-8-S-0-15-O-0-5123-No-daylight.png
0.380953,E1a-0.6-S-0-15_O-0-5123-No,https://i.postimg.cc/sXLrBB1z/E1a-0-6-S-0-15-O-0-5123-No-daylight.png
0.84127,E1a-1.4-S-0-15_O-0-6028-Yes,https://i.postimg.cc/8CPcM6kP/E1a-1-4-S-0-15-O-0-6028-Yes-daylight.png
0.761905,E1a-1.2-S-0-15_O-0-6028-Yes,https://i.postimg.cc/RVKWBmbC/E1a-1-2-S-0-15-O-0-6028-Yes-daylight.png
0.674603,E1a-1.0-S-0-15_O-0-6028-Yes,https://i.postimg.cc/pTmd1MFP/E1a-1-S-0-15-O-0-6028-Yes-daylight.png
0.587302,E1a-0.8-S-0-15_O-0-6028-Yes,https://i.postimg.cc/xjkk6MvT/E1a-0-8-S-0-15-O-0-6028-Yes-daylight.png
0.468254,E1a-0.6-S-0-15_O-0-6028-Yes,https://i.postimg.cc/V6h8SS5Y/E1a-0-6-S-0-15-O-0-6028-Yes-daylight.png
0.714286,E1a-1.4-S-0-15_O-0-5123-Yes,https://i.postimg.cc/rpFsxryq/E1a-1-4-S-0-15-O-0-5123-Yes-daylight.png
0.65873,E1a-1.2-S-0-15_O-0-5123-Yes,https://i.postimg.cc/qMyNTrZp/E1a-1-2-S-0-15-O-0-5123-Yes-daylight.png
0.587302,E1a-1.0-S-0-15_O-0-5123-Yes,https://i.postimg.cc/G24pSnyd/E1a-1-S-0-15-O-0-5123-Yes-daylight.png
0.492063,E1a-0.8-S-0-15_O-0-5123-Yes,https://i.postimg.cc/VsSSKnqm/E1a-0-8-S-0-15-O-0-5123-Yes-daylight.png
0.380953,E1a-0.6-S-0-15_O-0-5123-Yes,https://i.postimg.cc/SsPhXXjk/E1a-0-6-S-0-15-O-0-5123-Yes-daylight.png
0.777778,E1a-1.4-S-0.2-15_O-0.2-6028-No,https://i.postimg.cc/htnf4YHJ/E1a-1-4-S-0-2-15-O-0-2-6028-No-daylight.png
0.722222,E1a-1.2-S-0.2-15_O-0.2-6028-No,https://i.postimg.cc/wxttwLXR/E1a-1-2-S-0-2-15-O-0-2-6028-No-daylight.png
0.611111,E1a-1.0-S-0.2-15_O-0.2-6028-No,https://i.postimg.cc/258yhZjZ/E1a-1-S-0-2-15-O-0-2-6028-No-daylight.png
0.547619,E1a-0.8-S-0.2-15_O-0.2-6028-No,https://i.postimg.cc/br2j1z2Y/E1a-0-8-S-0-2-15-O-0-2-6028-No-daylight.png
0.420635,E1a-0.6-S-0.2-15_O-0.2-6028-No,https://i.postimg.cc/252mD9DC/E1a-0-6-S-0-2-15-O-0-2-6028-No-daylight.png
0.666667,E1a-1.4-S-0.2-15_O-0.2-5123-No,https://i.postimg.cc/GmRH3fZp/E1a-1-4-S-0-2-15-O-0-2-5123-No-daylight.png
0.611111,E1a-1.2-S-0.2-15_O-0.2-5123-No,https://i.postimg.cc/zDLLxKCb/E1a-1-2-S-0-2-15-O-0-2-5123-No-daylight.png
0.539683,E1a-1.0-S-0.2-15_O-0.2-5123-No,https://i.postimg.cc/xdT8Mzjb/E1a-1-S-0-2-15-O-0-2-5123-No-daylight.png
0.444444,E1a-0.8-S-0.2-15_O-0.2-5123-No,https://i.postimg.cc/3NDH2KDK/E1a-0-8-S-0-2-15-O-0-2-5123-No-daylight.png
0.325397,E1a-0.6-S-0.2-15_O-0.2-5123-No,https://i.postimg.cc/YSbkHDH2/E1a-0-6-S-0-2-15-O-0-2-5123-No-daylight.png
0.444444,E1a-1.4-S-0.2-15_O-0.2-6028-Yes,https://i.postimg.cc/nhxCVW6X/E1a-1-4-S-0-2-15-O-0-2-6028-Yes-daylight.png
0.452381,E1a-1.2-S-0.2-15_O-0.2-6028-Yes,https://i.postimg.cc/c1KKFwRn/E1a-1-2-S-0-2-15-O-0-2-6028-Yes-daylight.png
0.619048,E1a-1.0-S-0.2-15_O-0.2-6028-Yes,https://i.postimg.cc/BvQbHKZH/E1a-1-S-0-2-15-O-0-2-6028-Yes-daylight.png
0.436508,E1a-0.8-S-0.2-15_O-0.2-6028-Yes,https://i.postimg.cc/Bb1G2q1S/E1a-0-8-S-0-2-15-O-0-2-6028-Yes-daylight.png
0.380953,E1a-0.6-S-0.2-15_O-0.2-6028-Yes,https://i.postimg.cc/wB0Hp4p6/E1a-0-6-S-0-2-15-O-0-2-6028-Yes-daylight.png
0.436508,E1a-1.4-S-0.2-15_O-0.2-5123-Yes,https://i.postimg.cc/Cx0zM2WB/E1a-1-4-S-0-2-15-O-0-2-5123-Yes-daylight.png
0.444444,E1a-1.2-S-0.2-15_O-0.2-5123-Yes,https://i.postimg.cc/PfLLSYW8/E1a-1-2-S-0-2-15-O-0-2-5123-Yes-daylight.png
0.539683,E1a-1.0-S-0.2-15_O-0.2-5123-Yes,https://i.postimg.cc/9fF0Z7XT/E1a-1-S-0-2-15-O-0-2-5123-Yes-daylight.png
0.388889,E1a-0.8-S-0.2-15_O-0.2-5123-Yes,https://i.postimg.cc/5yFM8xFf/E1a-0-8-S-0-2-15-O-0-2-5123-Yes-daylight.png
0.325397,E1a-0.6-S-0.2-15_O-0.2-5123-Yes,https://i.postimg.cc/5tn1VKV4/E1a-0-6-S-0-2-15-O-0-2-5123-Yes-daylight.png
0.722222,E1a-1.4-S-0.4-15_O-0.4-6028-No,https://i.postimg.cc/Vkwdsh3B/E1a-1-4-S-0-4-15-O-0-4-6028-No-daylight.png
0.65873,E1a-1.2-S-0.4-15_O-0.4-6028-No,https://i.postimg.cc/L4qqxLtT/E1a-1-2-S-0-4-15-O-0-4-6028-No-daylight.png
0.579365,E1a-1.0-S-0.4-15_O-0.4-6028-No,https://i.postimg.cc/bvCJTwdb/E1a-1-S-0-4-15-O-0-4-6028-No-daylight.png
0.484127,E1a-0.8-S-0.4-15_O-0.4-6028-No,https://i.postimg.cc/90qjyWq7/E1a-0-8-S-0-4-15-O-0-4-6028-No-daylight.png
0.349206,E1a-0.6-S-0.4-15_O-0.4-6028-No,https://i.postimg.cc/fLysT7zV/E1a-0-6-S-0-4-15-O-0-4-6028-No-daylight.png
0.626985,E1a-1.4-S-0.4-15_O-0.4-5123-No,https://i.postimg.cc/3xhdrqP2/E1a-1-4-S-0-4-15-O-0-4-5123-No-daylight.png
0.563492,E1a-1.2-S-0.4-15_O-0.4-5123-No,https://i.postimg.cc/DfWWxLrP/E1a-1-2-S-0-4-15-O-0-4-5123-No-daylight.png
0.492063,E1a-1.0-S-0.4-15_O-0.4-5123-No,https://i.postimg.cc/N0JM4jLX/E1a-1-S-0-4-15-O-0-4-5123-No-daylight.png
0.380953,E1a-0.8-S-0.4-15_O-0.4-5123-No,https://i.postimg.cc/MHj81WjM/E1a-0-8-S-0-4-15-O-0-4-5123-No-daylight.png
0.253968,E1a-0.6-S-0.4-15_O-0.4-5123-No,https://i.postimg.cc/d13FtRst/E1a-0-6-S-0-4-15-O-0-4-5123-No-daylight.png
0.444444,E1a-1.4-S-0.4-15_O-0.4-6028-Yes,https://i.postimg.cc/Cx0zM2W4/E1a-1-4-S-0-4-15-O-0-4-6028-Yes-daylight.png
0.468254,E1a-1.2-S-0.4-15_O-0.4-6028-Yes,https://i.postimg.cc/h4JJ2TLs/E1a-1-2-S-0-4-15-O-0-4-6028-Yes-daylight.png
0.587302,E1a-1.0-S-0.4-15_O-0.4-6028-Yes,https://i.postimg.cc/SKTsrxjC/E1a-1-S-0-4-15-O-0-4-6028-Yes-daylight.png
0.404762,E1a-0.8-S-0.4-15_O-0.4-6028-Yes,https://i.postimg.cc/rstL58t4/E1a-0-8-S-0-4-15-O-0-4-6028-Yes-daylight.png
0.349206,E1a-0.6-S-0.4-15_O-0.4-6028-Yes,https://i.postimg.cc/C150LChz/E1a-0-6-S-0-4-15-O-0-4-6028-Yes-daylight.png
0.444444,E1a-1.4-S-0.4-15_O-0.4-5123-Yes,https://i.postimg.cc/52J69rZS/E1a-1-4-S-0-4-15-O-0-4-5123-Yes-daylight.png
0.436508,E1a-1.2-S-0.4-15_O-0.4-5123-Yes,https://i.postimg.cc/59HHsLBm/E1a-1-2-S-0-4-15-O-0-4-5123-Yes-daylight.png
0.492063,E1a-1.0-S-0.4-15_O-0.4-5123-Yes,https://i.postimg.cc/xdxCR1qz/E1a-1-S-0-4-15-O-0-4-5123-Yes-daylight.png
0.36508,E1a-0.8-S-0.4-15_O-0.4-5123-Yes,https://i.postimg.cc/tJVHFXVn/E1a-0-8-S-0-4-15-O-0-4-5123-Yes-daylight.png
0.261905,E1a-0.6-S-0.4-15_O-0.4-5123-Yes,https://i.postimg.cc/PxJHrbXq/E1a-0-6-S-0-4-15-O-0-4-5123-Yes-daylight.png
0.698413,E1a-1.4-S-0.6-15_O-0.6-6028-No,https://i.postimg.cc/Z5L0WcSH/E1a-1-4-S-0-6-15-O-0-6-6028-No-daylight.png
0.611111,E1a-1.2-S-0.6-15_O-0.6-6028-No,https://i.postimg.cc/2jP1MyGc/E1a-1-2-S-0-6-15-O-0-6-6028-No-daylight.png
0.531746,E1a-1.0-S-0.6-15_O-0.6-6028-No,https://i.postimg.cc/zftBjG3x/E1a-1-S-0-6-15-O-0-6-6028-No-daylight.png
0.428572,E1a-0.8-S-0.6-15_O-0.6-6028-No,https://i.postimg.cc/MX2JDhyQ/E1a-0-8-S-0-6-15-O-0-6-6028-No-daylight.png
0.277778,E1a-0.6-S-0.6-15_O-0.6-6028-No,https://i.postimg.cc/k4GCXNJc/E1a-0-6-S-0-6-15-O-0-6-6028-No-daylight.png
0.603175,E1a-1.4-S-0.6-15_O-0.6-5123-No,https://i.postimg.cc/RZTqWRBL/E1a-1-4-S-0-6-15-O-0-6-5123-No-daylight.png
0.515873,E1a-1.2-S-0.6-15_O-0.6-5123-No,https://i.postimg.cc/NGWKSFDp/E1a-1-2-S-0-6-15-O-0-6-5123-No-daylight.png
0.444444,E1a-1.0-S-0.6-15_O-0.6-5123-No,https://i.postimg.cc/DzjZgwmp/E1a-1-S-0-6-15-O-0-6-5123-No-daylight.png
0.34127,E1a-0.8-S-0.6-15_O-0.6-5123-No,https://i.postimg.cc/5jdW3ZwQ/E1a-0-8-S-0-6-15-O-0-6-5123-No-daylight.png
0.150794,E1a-0.6-S-0.6-15_O-0.6-5123-No,https://i.postimg.cc/FRzvsbrb/E1a-0-6-S-0-6-15-O-0-6-5123-No-daylight.png
0.484127,E1a-1.4-S-0.6-15_O-0.6-6028-Yes,https://i.postimg.cc/pLBymZH0/E1a-1-4-S-0-6-15-O-0-6-6028-Yes-daylight.png
0.444444,E1a-1.2-S-0.6-15_O-0.6-6028-Yes,https://i.postimg.cc/PfBC9JyV/E1a-1-2-S-0-6-15-O-0-6-6028-Yes-daylight.png
0.531746,E1a-1.0-S-0.6-15_O-0.6-6028-Yes,https://i.postimg.cc/SKTsrxjZ/E1a-1-S-0-6-15-O-0-6-6028-Yes-daylight.png
0.373016,E1a-0.8-S-0.6-15_O-0.6-6028-Yes,https://i.postimg.cc/vDFwzpWn/E1a-0-8-S-0-6-15-O-0-6-6028-Yes-daylight.png
0.269841,E1a-0.6-S-0.6-15_O-0.6-6028-Yes,https://i.postimg.cc/SsR4NLST/E1a-0-6-S-0-6-15-O-0-6-6028-Yes-daylight.png
0.436508,E1a-1.4-S-0.6-15_O-0.6-5123-Yes,https://i.postimg.cc/L8VhJTpT/E1a-1-4-S-0-6-15-O-0-6-5123-Yes-daylight.png
0.404762,E1a-1.2-S-0.6-15_O-0.6-5123-Yes,https://i.postimg.cc/zD9y6v7d/E1a-1-2-S-0-6-15-O-0-6-5123-Yes-daylight.png
0.444444,E1a-1.0-S-0.6-15_O-0.6-5123-Yes,https://i.postimg.cc/1zCtH34C/E1a-1-S-0-6-15-O-0-6-5123-Yes-daylight.png
0.325397,E1a-0.8-S-0.6-15_O-0.6-5123-Yes,https://i.postimg.cc/YjKB3J1m/E1a-0-8-S-0-6-15-O-0-6-5123-Yes-daylight.png
0.150794,E1a-0.6-S-0.6-15_O-0.6-5123-Yes,https://i.postimg.cc/RFhmV1Sd/E1a-0-6-S-0-6-15-O-0-6-5123-Yes-daylight.png
0.642858,E1a-1.4-S-0.8-15_O-0.8-6028-No,https://i.postimg.cc/XYgXr8W3/E1a-1-4-S-0-8-15-O-0-8-6028-No-daylight.png
0.555556,E1a-1.2-S-0.8-15_O-0.8-6028-No,https://i.postimg.cc/pXzmHvc6/E1a-1-2-S-0-8-15-O-0-8-6028-No-daylight.png
0.484127,E1a-1.0-S-0.8-15_O-0.8-6028-No,https://i.postimg.cc/vB4mSw6S/E1a-1-S-0-8-15-O-0-8-6028-No-daylight.png
0.373016,E1a-0.8-S-0.8-15_O-0.8-6028-No,https://i.postimg.cc/z3ZYj9nP/E1a-0-8-S-0-8-15-O-0-8-6028-No-daylight.png
0.166667,E1a-0.6-S-0.8-15_O-0.8-6028-No,https://i.postimg.cc/bJ5hGGrF/E1a-0-6-S-0-8-15-O-0-8-6028-No-daylight.png
0.547619,E1a-1.4-S-0.8-15_O-0.8-5123-No,https://i.postimg.cc/Hktjr2mg/E1a-1-4-S-0-8-15-O-0-8-5123-No-daylight.png
0.47619,E1a-1.2-S-0.8-15_O-0.8-5123-No,https://i.postimg.cc/NGWKSFbc/E1a-1-2-S-0-8-15-O-0-8-5123-No-daylight.png
0.380953,E1a-1.0-S-0.8-15_O-0.8-5123-No,https://i.postimg.cc/ZRWqDzy7/E1a-1-S-0-8-15-O-0-8-5123-No-daylight.png
0.285714,E1a-0.8-S-0.8-15_O-0.8-5123-No,https://i.postimg.cc/z3ZYj9nd/E1a-0-8-S-0-8-15-O-0-8-5123-No-daylight.png
0.111111,E1a-0.6-S-0.8-15_O-0.8-5123-No,https://i.postimg.cc/hjYBJJvp/E1a-0-6-S-0-8-15-O-0-8-5123-No-daylight.png
0.444444,E1a-1.4-S-0.8-15_O-0.8-6028-Yes,https://i.postimg.cc/2Sx31wYC/E1a-1-4-S-0-8-15-O-0-8-6028-Yes-daylight.png
0.428572,E1a-1.2-S-0.8-15_O-0.8-6028-Yes,https://i.postimg.cc/qMyNTrDF/E1a-1-2-S-0-8-15-O-0-8-6028-Yes-daylight.png
0.47619,E1a-1.0-S-0.8-15_O-0.8-6028-Yes,https://i.postimg.cc/0QzNH1JB/E1a-1-S-0-8-15-O-0-8-6028-Yes-daylight.png
0.34127,E1a-0.8-S-0.8-15_O-0.8-6028-Yes,https://i.postimg.cc/CdTpNWjQ/E1a-0-8-S-0-8-15-O-0-8-6028-Yes-daylight.png
0.190476,E1a-0.6-S-0.8-15_O-0.8-6028-Yes,https://i.postimg.cc/9Mkh440S/E1a-0-6-S-0-8-15-O-0-8-6028-Yes-daylight.png
0.404762,E1a-1.4-S-0.8-15_O-0.8-5123-Yes,https://i.postimg.cc/zGk3yjNN/E1a-1-4-S-0-8-15-O-0-8-5123-Yes-daylight.png
0.380953,E1a-1.2-S-0.8-15_O-0.8-5123-Yes,https://i.postimg.cc/8PM7SGXX/E1a-1-2-S-0-8-15-O-0-8-5123-Yes-daylight.png
0.396826,E1a-1.0-S-0.8-15_O-0.8-5123-Yes,https://i.postimg.cc/LXJs0FZQ/E1a-1-S-0-8-15-O-0-8-5123-Yes-daylight.png
0.285714,E1a-0.8-S-0.8-15_O-0.8-5123-Yes,https://i.postimg.cc/HjD12fQZ/E1a-0-8-S-0-8-15-O-0-8-5123-Yes-daylight.png
0.126984,E1a-0.6-S-0.8-15_O-0.8-5123-Yes,https://i.postimg.cc/9Mkh4408/E1a-0-6-S-0-8-15-O-0-8-5123-Yes-daylight.png
0.84127,E1a-1.4-S-0-30_O-0-6028-No,https://i.postimg.cc/k5XGKbMD/E1a-1-4-S-0-30-O-0-6028-No-daylight.png
0.769841,E1a-1.2-S-0-30_O-0-6028-No,https://i.postimg.cc/zXKyrNPv/E1a-1-2-S-0-30-O-0-6028-No-daylight.png
0.68254,E1a-1.0-S-0-30_O-0-6028-No,https://i.postimg.cc/TwKPHvDw/E1a-1-S-0-30-O-0-6028-No-daylight.png
0.579365,E1a-0.8-S-0-30_O-0-6028-No,https://i.postimg.cc/KcKK0BPz/E1a-0-8-S-0-30-O-0-6028-No-daylight.png
0.484127,E1a-0.6-S-0-30_O-0-6028-No,https://i.postimg.cc/hv7qVSQk/E1a-0-6-S-0-30-O-0-6028-No-daylight.png
0.722222,E1a-1.4-S-0-30_O-0-5123-No,https://i.postimg.cc/yNYxcZ68/E1a-1-4-S-0-30-O-0-5123-No-daylight.png
0.666667,E1a-1.2-S-0-30_O-0-5123-No,https://i.postimg.cc/3JmkThbJ/E1a-1-2-S-0-30-O-0-5123-No-daylight.png
0.579366,E1a-1.0-S-0-30_O-0-5123-No,https://i.postimg.cc/50XtkWC9/E1a-1-S-0-30-O-0-5123-No-daylight.png
0.492063,E1a-0.8-S-0-30_O-0-5123-No,https://i.postimg.cc/VsSSKnqk/E1a-0-8-S-0-30-O-0-5123-No-daylight.png
0.380953,E1a-0.6-S-0-30_O-0-5123-No,https://i.postimg.cc/ydGHJJW1/E1a-0-6-S-0-30-O-0-5123-No-daylight.png
0.84127,E1a-1.4-S-0-30_O-0-6028-Yes,https://i.postimg.cc/BvQbHKZL/E1a-1-4-S-0-30-O-0-6028-Yes-daylight.png
0.761905,E1a-1.2-S-0-30_O-0-6028-Yes,https://i.postimg.cc/J4ZsL8ds/E1a-1-2-S-0-30-O-0-6028-Yes-daylight.png
0.666667,E1a-1.0-S-0-30_O-0-6028-Yes,https://i.postimg.cc/bJZvFftv/E1a-1-S-0-30-O-0-6028-Yes-daylight.png
0.579365,E1a-0.8-S-0-30_O-0-6028-Yes,https://i.postimg.cc/NGyydm6F/E1a-0-8-S-0-30-O-0-6028-Yes-daylight.png
0.484127,E1a-0.6-S-0-30_O-0-6028-Yes,https://i.postimg.cc/yxSz0VSC/E1a-0-6-S-0-30-O-0-6028-Yes-daylight.png
0.722222,E1a-1.4-S-0-30_O-0-5123-Yes,https://i.postimg.cc/s2Dx7hf2/E1a-1-4-S-0-30-O-0-5123-Yes-daylight.png
0.642857,E1a-1.2-S-0-30_O-0-5123-Yes,https://i.postimg.cc/4NVYgGFd/E1a-1-2-S-0-30-O-0-5123-Yes-daylight.png
0.571429,E1a-1.0-S-0-30_O-0-5123-Yes,https://i.postimg.cc/HxrLP1ys/E1a-1-S-0-30-O-0-5123-Yes-daylight.png
0.492063,E1a-0.8-S-0-30_O-0-5123-Yes,https://i.postimg.cc/QNBBf1QM/E1a-0-8-S-0-30-O-0-5123-Yes-daylight.png
0.380953,E1a-0.6-S-0-30_O-0-5123-Yes,https://i.postimg.cc/bJ5hGGdN/E1a-0-6-S-0-30-O-0-5123-Yes-daylight.png
0.777778,E1a-1.4-S-0.2-30_O-0.2-6028-No,https://i.postimg.cc/sgzvfLth/E1a-1-4-S-0-2-30-O-0-2-6028-No-daylight.png
0.706349,E1a-1.2-S-0.2-30_O-0.2-6028-No,https://i.postimg.cc/pV99szfz/E1a-1-2-S-0-2-30-O-0-2-6028-No-daylight.png
0.611111,E1a-1.0-S-0.2-30_O-0.2-6028-No,https://i.postimg.cc/9f8MpQz0/E1a-1-S-0-2-30-O-0-2-6028-No-daylight.png
0.515873,E1a-0.8-S-0.2-30_O-0.2-6028-No,https://i.postimg.cc/8crVL1r5/E1a-0-8-S-0-2-30-O-0-2-6028-No-daylight.png
0.396826,E1a-0.6-S-0.2-30_O-0.2-6028-No,https://i.postimg.cc/W4XjvYvF/E1a-0-6-S-0-2-30-O-0-2-6028-No-daylight.png
0.666667,E1a-1.4-S-0.2-30_O-0.2-5123-No,https://i.postimg.cc/vZyc8KpD/E1a-1-4-S-0-2-30-O-0-2-5123-No-daylight.png
0.611111,E1a-1.2-S-0.2-30_O-0.2-5123-No,https://i.postimg.cc/CMZZckG8/E1a-1-2-S-0-2-30-O-0-2-5123-No-daylight.png
0.523809,E1a-1.0-S-0.2-30_O-0.2-5123-No,https://i.postimg.cc/1z5XwqRD/E1a-1-S-0-2-30-O-0-2-5123-No-daylight.png
0.436508,E1a-0.8-S-0.2-30_O-0.2-5123-No,https://i.postimg.cc/prntK2nL/E1a-0-8-S-0-2-30-O-0-2-5123-No-daylight.png
0.325397,E1a-0.6-S-0.2-30_O-0.2-5123-No,https://i.postimg.cc/ZqVZSsSn/E1a-0-6-S-0-2-30-O-0-2-5123-No-daylight.png
0.444444,E1a-1.4-S-0.2-30_O-0.2-6028-Yes,https://i.postimg.cc/GmRH3fZs/E1a-1-4-S-0-2-30-O-0-2-6028-Yes-daylight.png
0.452381,E1a-1.2-S-0.2-30_O-0.2-6028-Yes,https://i.postimg.cc/HWJJ6Xwb/E1a-1-2-S-0-2-30-O-0-2-6028-Yes-daylight.png
0.619048,E1a-1.0-S-0.2-30_O-0.2-6028-Yes,https://i.postimg.cc/3wSRBxWW/E1a-1-S-0-2-30-O-0-2-6028-Yes-daylight.png
0.428572,E1a-0.8-S-0.2-30_O-0.2-6028-Yes,https://i.postimg.cc/cC8Nfs8J/E1a-0-8-S-0-2-30-O-0-2-6028-Yes-daylight.png
0.388889,E1a-0.6-S-0.2-30_O-0.2-6028-Yes,https://i.postimg.cc/mr8Rspsc/E1a-0-6-S-0-2-30-O-0-2-6028-Yes-daylight.png
0.436508,E1a-1.4-S-0.2-30_O-0.2-5123-Yes,https://i.postimg.cc/vZyc8Kpn/E1a-1-4-S-0-2-30-O-0-2-5123-Yes-daylight.png
0.444444,E1a-1.2-S-0.2-30_O-0.2-5123-Yes,https://i.postimg.cc/44KKWV6t/E1a-1-2-S-0-2-30-O-0-2-5123-Yes-daylight.png
0.531746,E1a-1.0-S-0.2-30_O-0.2-5123-Yes,https://i.postimg.cc/ZqKnpdYr/E1a-1-S-0-2-30-O-0-2-5123-Yes-daylight.png
0.388889,E1a-0.8-S-0.2-30_O-0.2-5123-Yes,https://i.postimg.cc/8crVL1rP/E1a-0-8-S-0-2-30-O-0-2-5123-Yes-daylight.png
0.31746,E1a-0.6-S-0.2-30_O-0.2-5123-Yes,https://i.postimg.cc/KYJF2p28/E1a-0-6-S-0-2-30-O-0-2-5123-Yes-daylight.png
0.722222,E1a-1.4-S-0.4-30_O-0.4-6028-No,https://i.postimg.cc/T3xp2sZC/E1a-1-4-S-0-4-30-O-0-4-6028-No-daylight.png
0.642857,E1a-1.2-S-0.4-30_O-0.4-6028-No,https://i.postimg.cc/Kcd1wjfB/E1a-1-2-S-0-4-30-O-0-4-6028-No-daylight.png
0.555556,E1a-1.0-S-0.4-30_O-0.4-6028-No,https://i.postimg.cc/DzjZgwmd/E1a-1-S-0-4-30-O-0-4-6028-No-daylight.png
0.444444,E1a-0.8-S-0.4-30_O-0.4-6028-No,https://i.postimg.cc/d3TKGqTG/E1a-0-8-S-0-4-30-O-0-4-6028-No-daylight.png
0.31746,E1a-0.6-S-0.4-30_O-0.4-6028-No,https://i.postimg.cc/C150LChq/E1a-0-6-S-0-4-30-O-0-4-6028-No-daylight.png
0.611111,E1a-1.4-S-0.4-30_O-0.4-5123-No,https://i.postimg.cc/8zGjkYqH/E1a-1-4-S-0-4-30-O-0-4-5123-No-daylight.png
0.555556,E1a-1.2-S-0.4-30_O-0.4-5123-No,https://i.postimg.cc/Y2JvZ0RW/E1a-1-2-S-0-4-30-O-0-4-5123-No-daylight.png
0.484127,E1a-1.0-S-0.4-30_O-0.4-5123-No,https://i.postimg.cc/yNQdP8W0/E1a-1-S-0-4-30-O-0-4-5123-No-daylight.png
0.380953,E1a-0.8-S-0.4-30_O-0.4-5123-No,https://i.postimg.cc/mkFG7bFM/E1a-0-8-S-0-4-30-O-0-4-5123-No-daylight.png
0.222222,E1a-0.6-S-0.4-30_O-0.4-5123-No,https://i.postimg.cc/rmsTFGVR/E1a-0-6-S-0-4-30-O-0-4-5123-No-daylight.png
0.444444,E1a-1.4-S-0.4-30_O-0.4-6028-Yes,https://i.postimg.cc/Z5mCYQ1H/E1a-1-4-S-0-4-30-O-0-4-6028-Yes-daylight.png
0.468254,E1a-1.2-S-0.4-30_O-0.4-6028-Yes,https://i.postimg.cc/44rYqyP6/E1a-1-2-S-0-4-30-O-0-4-6028-Yes-daylight.png
0.555556,E1a-1.0-S-0.4-30_O-0.4-6028-Yes,https://i.postimg.cc/yNQdP8Wy/E1a-1-S-0-4-30-O-0-4-6028-Yes-daylight.png
0.388889,E1a-0.8-S-0.4-30_O-0.4-6028-Yes,https://i.postimg.cc/fy0hYw0x/E1a-0-8-S-0-4-30-O-0-4-6028-Yes-daylight.png
0.325397,E1a-0.6-S-0.4-30_O-0.4-6028-Yes,https://i.postimg.cc/PxJHrbXY/E1a-0-6-S-0-4-30-O-0-4-6028-Yes-daylight.png
0.436508,E1a-1.4-S-0.4-30_O-0.4-5123-Yes,https://i.postimg.cc/Sx4JQPwg/E1a-1-4-S-0-4-30-O-0-4-5123-Yes-daylight.png
0.436508,E1a-1.2-S-0.4-30_O-0.4-5123-Yes,https://i.postimg.cc/SQwn3Rdz/E1a-1-2-S-0-4-30-O-0-4-5123-Yes-daylight.png
0.468254,E1a-1.0-S-0.4-30_O-0.4-5123-Yes,https://i.postimg.cc/Pq3x45Nm/E1a-1-S-0-4-30-O-0-4-5123-Yes-daylight.png
0.36508,E1a-0.8-S-0.4-30_O-0.4-5123-Yes,https://i.postimg.cc/d3TKGqTr/E1a-0-8-S-0-4-30-O-0-4-5123-Yes-daylight.png
0.222222,E1a-0.6-S-0.4-30_O-0.4-5123-Yes,https://i.postimg.cc/vBTyH7Yg/E1a-0-6-S-0-4-30-O-0-4-5123-Yes-daylight.png
0.666667,E1a-1.4-S-0.6-30_O-0.6-6028-No,https://i.postimg.cc/bwRdZThV/E1a-1-4-S-0-6-30-O-0-6-6028-No-daylight.png
0.587302,E1a-1.2-S-0.6-30_O-0.6-6028-No,https://i.postimg.cc/FF2Y8zp8/E1a-1-2-S-0-6-30-O-0-6-6028-No-daylight.png
0.5,E1a-1.0-S-0.6-30_O-0.6-6028-No,https://i.postimg.cc/R0sFRZqY/E1a-1-S-0-6-30-O-0-6-6028-No-daylight.png
0.388889,E1a-0.8-S-0.6-30_O-0.6-6028-No,https://i.postimg.cc/6TJx0Ddr/E1a-0-8-S-0-6-30-O-0-6-6028-No-daylight.png
0.206349,E1a-0.6-S-0.6-30_O-0.6-6028-No,https://i.postimg.cc/V6vwL9fV/E1a-0-6-S-0-6-30-O-0-6-6028-No-daylight.png
0.571429,E1a-1.4-S-0.6-30_O-0.6-5123-No,https://i.postimg.cc/fRvkVKNB/E1a-1-4-S-0-6-30-O-0-6-5123-No-daylight.png
0.492063,E1a-1.2-S-0.6-30_O-0.6-5123-No,https://i.postimg.cc/L4rJw5D0/E1a-1-2-S-0-6-30-O-0-6-5123-No-daylight.png
0.412699,E1a-1.0-S-0.6-30_O-0.6-5123-No,https://i.postimg.cc/7Ls6VZbj/E1a-1-S-0-6-30-O-0-6-5123-No-daylight.png
0.309524,E1a-0.8-S-0.6-30_O-0.6-5123-No,https://i.postimg.cc/mhfWw0QM/E1a-0-8-S-0-6-30-O-0-6-5123-No-daylight.png
0.134921,E1a-0.6-S-0.6-30_O-0.6-5123-No,https://i.postimg.cc/26yY8dkX/E1a-0-6-S-0-6-30-O-0-6-5123-No-daylight.png
0.468254,E1a-1.4-S-0.6-30_O-0.6-6028-Yes,https://i.postimg.cc/6phT80X1/E1a-1-4-S-0-6-30-O-0-6-6028-Yes-daylight.png
0.444444,E1a-1.2-S-0.6-30_O-0.6-6028-Yes,https://i.postimg.cc/BZdjkbpr/E1a-1-2-S-0-6-30-O-0-6-6028-Yes-daylight.png
0.5,E1a-1.0-S-0.6-30_O-0.6-6028-Yes,https://i.postimg.cc/k514cgDz/E1a-1-S-0-6-30-O-0-6-6028-Yes-daylight.png
0.373016,E1a-0.8-S-0.6-30_O-0.6-6028-Yes,https://i.postimg.cc/Rq5xRjcc/E1a-0-8-S-0-6-30-O-0-6-6028-Yes-daylight.png
0.222222,E1a-0.6-S-0.6-30_O-0.6-6028-Yes,https://i.postimg.cc/mDnscckN/E1a-0-6-S-0-6-30-O-0-6-6028-Yes-daylight.png
0.428572,E1a-1.4-S-0.6-30_O-0.6-5123-Yes,https://i.postimg.cc/Hktjr2gZ/E1a-1-4-S-0-6-30-O-0-6-5123-Yes-daylight.png
0.404762,E1a-1.2-S-0.6-30_O-0.6-5123-Yes,https://i.postimg.cc/Y2JvZ0RT/E1a-1-2-S-0-6-30-O-0-6-5123-Yes-daylight.png
0.412698,E1a-1.0-S-0.6-30_O-0.6-5123-Yes,https://i.postimg.cc/3wSRBxW6/E1a-1-S-0-6-30-O-0-6-5123-Yes-daylight.png
0.309524,E1a-0.8-S-0.6-30_O-0.6-5123-Yes,https://i.postimg.cc/23RNwP4n/E1a-0-8-S-0-6-30-O-0-6-5123-Yes-daylight.png
0.126984,E1a-0.6-S-0.6-30_O-0.6-5123-Yes,https://i.postimg.cc/1tdQggX0/E1a-0-6-S-0-6-30-O-0-6-5123-Yes-daylight.png
0.611111,E1a-1.4-S-0.8-30_O-0.8-6028-No,https://i.postimg.cc/wjk31Vzq/E1a-1-4-S-0-8-30-O-0-8-6028-No-daylight.png
0.539683,E1a-1.2-S-0.8-30_O-0.8-6028-No,https://i.postimg.cc/15w8QS7k/E1a-1-2-S-0-8-30-O-0-8-6028-No-daylight.png
0.436508,E1a-1.0-S-0.8-30_O-0.8-6028-No,https://i.postimg.cc/xCXdFVbB/E1a-1-S-0-8-30-O-0-8-6028-No-daylight.png
0.325397,E1a-0.8-S-0.8-30_O-0.8-6028-No,https://i.postimg.cc/WtLcnQMC/E1a-0-8-S-0-8-30-O-0-8-6028-No-daylight.png
0.150794,E1a-0.6-S-0.8-30_O-0.8-6028-No,https://i.postimg.cc/63PX77Ts/E1a-0-6-S-0-8-30-O-0-8-6028-No-daylight.png
0.515873,E1a-1.4-S-0.8-30_O-0.8-5123-No,https://i.postimg.cc/3wJNmv8z/E1a-1-4-S-0-8-30-O-0-8-5123-No-daylight.png
0.444444,E1a-1.2-S-0.8-30_O-0.8-5123-No,https://i.postimg.cc/kXK2mCYZ/E1a-1-2-S-0-8-30-O-0-8-5123-No-daylight.png
0.365079,E1a-1.0-S-0.8-30_O-0.8-5123-No,https://i.postimg.cc/ydDNrCSG/E1a-1-S-0-8-30-O-0-8-5123-No-daylight.png
0.246032,E1a-0.8-S-0.8-30_O-0.8-5123-No,https://i.postimg.cc/mhfWw0Qq/E1a-0-8-S-0-8-30-O-0-8-5123-No-daylight.png
0.071428,E1a-0.6-S-0.8-30_O-0.8-5123-No,https://i.postimg.cc/SsPhXXRv/E1a-0-6-S-0-8-30-O-0-8-5123-No-daylight.png
0.444444,E1a-1.4-S-0.8-30_O-0.8-6028-Yes,https://i.postimg.cc/bvNrktyK/E1a-1-4-S-0-8-30-O-0-8-6028-Yes-daylight.png
0.412699,E1a-1.2-S-0.8-30_O-0.8-6028-Yes,https://i.postimg.cc/YqYvH7yK/E1a-1-2-S-0-8-30-O-0-8-6028-Yes-daylight.png
0.436508,E1a-1.0-S-0.8-30_O-0.8-6028-Yes,https://i.postimg.cc/RFW0bxnj/E1a-1-S-0-8-30-O-0-8-6028-Yes-daylight.png
0.31746,E1a-0.8-S-0.8-30_O-0.8-6028-Yes,https://i.postimg.cc/kD3PckxL/E1a-0-8-S-0-8-30-O-0-8-6028-Yes-daylight.png
0.142857,E1a-0.6-S-0.8-30_O-0.8-6028-Yes,https://i.postimg.cc/FR64ffzM/E1a-0-6-S-0-8-30-O-0-8-6028-Yes-daylight.png
0.396826,E1a-1.4-S-0.8-30_O-0.8-5123-Yes,https://i.postimg.cc/DwcmSgh2/E1a-1-4-S-0-8-30-O-0-8-5123-Yes-daylight.png
0.380953,E1a-1.2-S-0.8-30_O-0.8-5123-Yes,https://i.postimg.cc/DyLSThpH/E1a-1-2-S-0-8-30-O-0-8-5123-Yes-daylight.png
0.349206,E1a-1.0-S-0.8-30_O-0.8-5123-Yes,https://i.postimg.cc/V6JNHPbT/E1a-1-S-0-8-30-O-0-8-5123-Yes-daylight.png
0.246032,E1a-0.8-S-0.8-30_O-0.8-5123-Yes,https://i.postimg.cc/G9wnQZkf/E1a-0-8-S-0-8-30-O-0-8-5123-Yes-daylight.png
0.079365,E1a-0.6-S-0.8-30_O-0.8-5123-Yes,https://i.postimg.cc/XJPbZZqt/E1a-0-6-S-0-8-30-O-0-8-5123-Yes-daylight.png
